time_matrix;configurations;answer;answer_time
[[7, 9, 19], [12, 18, 8], [18, 10, 11]];[[1, 3, 2], [1, 1, 1], [2, 3, 2], [2, 3, 3], [1, 1, 3], [1, 3, 1], [3, 1, 1], [2, 1, 1], [2, 1, 3], [3, 2, 2]];[[1, 1, 3], [2, 1, 3], [2, 3, 3], [2, 3, 2], [1, 3, 2], [1, 3, 1], [1, 1, 1], [2, 1, 1], [3, 1, 1], [3, 2, 2]];150
[[8, 14, 6], [15, 15, 8], [14, 12, 14]];[[3, 1, 1], [3, 2, 2], [3, 3, 2], [2, 3, 1], [2, 3, 3], [1, 2, 2], [1, 2, 3], [1, 3, 3], [1, 1, 3], [2, 1, 2]];[[3, 1, 1], [2, 1, 2], [2, 3, 1], [2, 3, 3], [1, 3, 3], [1, 1, 3], [1, 2, 3], [1, 2, 2], [3, 2, 2], [3, 3, 2]];161
[[8, 14, 6], [15, 15, 8], [14, 12, 14]];[[3, 1, 1], [3, 2, 2], [3, 3, 2], [2, 3, 1], [2, 3, 3], [1, 2, 2], [1, 2, 3], [1, 3, 3], [1, 1, 3], [2, 1, 2]];[[3, 3, 2], [3, 2, 2], [1, 2, 2], [1, 2, 3], [1, 1, 3], [1, 3, 3], [2, 3, 3], [2, 3, 1], [3, 1, 1], [2, 1, 2]];161
[[8, 14, 6], [15, 15, 8], [14, 12, 14]];[[3, 1, 1], [3, 2, 2], [3, 3, 2], [2, 3, 1], [2, 3, 3], [1, 2, 2], [1, 2, 3], [1, 3, 3], [1, 1, 3], [2, 1, 2]];[[3, 3, 2], [3, 2, 2], [1, 2, 2], [1, 2, 3], [1, 1, 3], [1, 3, 3], [2, 3, 3], [2, 3, 1], [2, 1, 2], [3, 1, 1]];161
[[10, 11, 11], [10, 18, 17], [17, 14, 15]];[[3, 1, 3], [1, 3, 2], [1, 3, 1], [1, 2, 1], [3, 3, 3], [2, 1, 2], [3, 1, 1], [3, 3, 1], [3, 2, 3], [2, 2, 2]];[[1, 3, 2], [1, 3, 1], [3, 3, 1], [3, 1, 1], [3, 1, 3], [3, 3, 3], [3, 2, 3], [1, 2, 1], [2, 2, 2], [2, 1, 2]];191
[[15, 9, 20], [6, 10, 17], [6, 12, 6]];[[1, 3, 3], [2, 1, 2], [3, 1, 3], [2, 1, 3], [1, 3, 2], [1, 1, 2], [1, 2, 2], [3, 2, 2], [2, 1, 1], [3, 3, 1]];[[3, 1, 3], [3, 2, 2], [3, 3, 1], [1, 3, 3], [1, 3, 2], [1, 2, 2], [1, 1, 2], [2, 1, 2], [2, 1, 3], [2, 1, 1]];147
[[15, 9, 20], [6, 10, 17], [6, 12, 6]];[[1, 3, 3], [2, 1, 2], [3, 1, 3], [2, 1, 3], [1, 3, 2], [1, 1, 2], [1, 2, 2], [3, 2, 2], [2, 1, 1], [3, 3, 1]];[[3, 1, 3], [3, 2, 2], [3, 3, 1], [1, 3, 3], [1, 3, 2], [1, 2, 2], [1, 1, 2], [2, 1, 2], [2, 1, 1], [2, 1, 3]];147
[[15, 9, 20], [6, 10, 17], [6, 12, 6]];[[1, 3, 3], [2, 1, 2], [3, 1, 3], [2, 1, 3], [1, 3, 2], [1, 1, 2], [1, 2, 2], [3, 2, 2], [2, 1, 1], [3, 3, 1]];[[2, 1, 3], [2, 1, 1], [2, 1, 2], [1, 1, 2], [1, 2, 2], [1, 3, 2], [1, 3, 3], [3, 3, 1], [3, 1, 3], [3, 2, 2]];147
[[15, 9, 20], [6, 10, 17], [6, 12, 6]];[[1, 3, 3], [2, 1, 2], [3, 1, 3], [2, 1, 3], [1, 3, 2], [1, 1, 2], [1, 2, 2], [3, 2, 2], [2, 1, 1], [3, 3, 1]];[[2, 1, 3], [2, 1, 1], [2, 1, 2], [1, 1, 2], [1, 2, 2], [1, 3, 2], [1, 3, 3], [3, 3, 1], [3, 2, 2], [3, 1, 3]];147
[[6, 10, 7], [15, 6, 5], [13, 20, 5]];[[2, 2, 3], [1, 3, 1], [3, 2, 1], [1, 2, 3], [2, 3, 1], [1, 1, 3], [2, 1, 1], [3, 3, 3], [2, 3, 3], [2, 1, 2]];[[3, 2, 1], [1, 3, 1], [2, 3, 1], [2, 1, 1], [2, 1, 2], [1, 1, 3], [1, 2, 3], [2, 2, 3], [2, 3, 3], [3, 3, 3]];121
[[14, 15, 18], [8, 14, 16], [6, 6, 6]];[[1, 2, 2], [3, 2, 3], [3, 1, 3], [3, 3, 3], [3, 2, 2], [3, 3, 2], [2, 2, 3], [1, 1, 1], [2, 2, 2], [2, 1, 1]];[[3, 1, 3], [3, 3, 3], [3, 3, 2], [3, 2, 2], [3, 2, 3], [2, 2, 3], [2, 2, 2], [1, 2, 2], [1, 1, 1], [2, 1, 1]];138
[[10, 10, 10], [12, 5, 6], [18, 7, 15]];[[1, 2, 2], [2, 2, 2], [3, 1, 1], [1, 3, 2], [3, 3, 3], [3, 1, 3], [1, 2, 1], [3, 2, 1], [2, 3, 1], [1, 1, 3]];[[2, 2, 2], [2, 3, 1], [3, 1, 1], [3, 2, 1], [1, 2, 1], [1, 2, 2], [1, 3, 2], [1, 1, 3], [3, 1, 3], [3, 3, 3]];139
[[10, 10, 10], [12, 5, 6], [18, 7, 15]];[[1, 2, 2], [2, 2, 2], [3, 1, 1], [1, 3, 2], [3, 3, 3], [3, 1, 3], [1, 2, 1], [3, 2, 1], [2, 3, 1], [1, 1, 3]];[[3, 3, 3], [3, 1, 3], [1, 1, 3], [1, 3, 2], [1, 2, 2], [1, 2, 1], [3, 2, 1], [3, 1, 1], [2, 3, 1], [2, 2, 2]];139
[[6, 16, 12], [17, 20, 18], [15, 15, 7]];[[2, 2, 1], [3, 2, 2], [1, 2, 2], [1, 1, 1], [3, 1, 3], [2, 1, 2], [3, 3, 2], [2, 3, 1], [2, 3, 2], [2, 1, 3]];[[1, 1, 1], [3, 1, 3], [2, 1, 3], [2, 1, 2], [2, 3, 2], [2, 3, 1], [2, 2, 1], [1, 2, 2], [3, 2, 2], [3, 3, 2]];192
[[9, 7, 8], [20, 17, 8], [19, 12, 12]];[[3, 3, 2], [1, 1, 1], [3, 1, 2], [2, 2, 2], [2, 1, 2], [1, 3, 3], [1, 2, 1], [1, 3, 1], [3, 1, 3], [2, 3, 2]];[[3, 3, 2], [2, 3, 2], [2, 2, 2], [2, 1, 2], [3, 1, 2], [3, 1, 3], [1, 1, 1], [1, 2, 1], [1, 3, 1], [1, 3, 3]];157
[[7, 6, 17], [17, 14, 6], [10, 13, 20]];[[2, 2, 1], [1, 3, 3], [2, 3, 2], [1, 3, 1], [3, 2, 1], [2, 3, 1], [1, 2, 3], [1, 2, 2], [2, 1, 3], [1, 1, 1]];[[2, 3, 2], [1, 2, 2], [1, 2, 3], [1, 3, 3], [2, 1, 3], [1, 1, 1], [1, 3, 1], [2, 3, 1], [2, 2, 1], [3, 2, 1]];155
[[7, 6, 17], [17, 14, 6], [10, 13, 20]];[[2, 2, 1], [1, 3, 3], [2, 3, 2], [1, 3, 1], [3, 2, 1], [2, 3, 1], [1, 2, 3], [1, 2, 2], [2, 1, 3], [1, 1, 1]];[[3, 2, 1], [2, 2, 1], [2, 3, 1], [1, 3, 1], [1, 1, 1], [2, 1, 3], [1, 3, 3], [1, 2, 3], [1, 2, 2], [2, 3, 2]];155
[[11, 19, 15], [15, 16, 17], [18, 14, 20]];[[2, 3, 2], [2, 1, 2], [1, 3, 2], [1, 1, 3], [2, 2, 3], [3, 1, 2], [1, 1, 1], [1, 1, 2], [2, 1, 3], [3, 2, 2]];[[2, 2, 3], [2, 1, 3], [1, 1, 3], [1, 1, 1], [1, 1, 2], [1, 3, 2], [2, 3, 2], [2, 1, 2], [3, 1, 2], [3, 2, 2]];195
[[10, 7, 13], [13, 18, 11], [20, 13, 6]];[[2, 2, 2], [3, 2, 3], [1, 1, 3], [2, 1, 2], [1, 1, 2], [3, 1, 1], [3, 1, 2], [3, 1, 3], [3, 2, 1], [1, 2, 3]];[[2, 2, 2], [1, 2, 3], [3, 2, 3], [3, 2, 1], [3, 1, 1], [3, 1, 3], [3, 1, 2], [2, 1, 2], [1, 1, 2], [1, 1, 3]];142
[[10, 7, 13], [13, 18, 11], [20, 13, 6]];[[2, 2, 2], [3, 2, 3], [1, 1, 3], [2, 1, 2], [1, 1, 2], [3, 1, 1], [3, 1, 2], [3, 1, 3], [3, 2, 1], [1, 2, 3]];[[1, 1, 3], [1, 1, 2], [2, 1, 2], [3, 1, 2], [3, 1, 3], [3, 1, 1], [3, 2, 1], [3, 2, 3], [1, 2, 3], [2, 2, 2]];142
[[18, 9, 18], [5, 7, 13], [16, 14, 12]];[[3, 3, 3], [2, 1, 3], [1, 2, 1], [3, 1, 1], [3, 2, 2], [1, 1, 1], [1, 2, 2], [3, 3, 1], [2, 2, 1], [1, 1, 3]];[[2, 1, 3], [1, 1, 3], [1, 1, 1], [1, 2, 1], [1, 2, 2], [3, 2, 2], [3, 3, 3], [3, 3, 1], [3, 1, 1], [2, 2, 1]];161
[[10, 5, 18], [13, 18, 12], [15, 11, 13]];[[1, 2, 2], [3, 3, 3], [2, 3, 1], [3, 1, 2], [1, 1, 1], [1, 3, 2], [1, 1, 3], [1, 2, 1], [3, 2, 3], [2, 1, 1]];[[2, 3, 1], [2, 1, 1], [1, 1, 1], [1, 1, 3], [3, 1, 2], [3, 3, 3], [3, 2, 3], [1, 2, 1], [1, 2, 2], [1, 3, 2]];188
[[20, 12, 13], [15, 19, 17], [10, 18, 13]];[[2, 2, 1], [3, 3, 1], [3, 3, 2], [3, 2, 3], [2, 3, 3], [1, 1, 1], [3, 2, 2], [1, 3, 1], [2, 1, 1], [1, 1, 2]];[[2, 3, 3], [1, 3, 1], [3, 3, 1], [3, 3, 2], [3, 2, 2], [3, 2, 3], [2, 2, 1], [2, 1, 1], [1, 1, 1], [1, 1, 2]];210
[[20, 12, 13], [15, 19, 17], [10, 18, 13]];[[2, 2, 1], [3, 3, 1], [3, 3, 2], [3, 2, 3], [2, 3, 3], [1, 1, 1], [3, 2, 2], [1, 3, 1], [2, 1, 1], [1, 1, 2]];[[2, 3, 3], [2, 1, 1], [2, 2, 1], [3, 2, 3], [3, 2, 2], [3, 3, 2], [3, 3, 1], [1, 3, 1], [1, 1, 1], [1, 1, 2]];210
[[16, 8, 5], [16, 14, 8], [8, 6, 8]];[[2, 3, 3], [1, 1, 3], [3, 3, 3], [3, 1, 2], [2, 2, 2], [2, 1, 3], [3, 1, 1], [3, 2, 2], [1, 3, 3], [2, 1, 1]];[[2, 3, 3], [3, 3, 3], [1, 3, 3], [1, 1, 3], [2, 1, 3], [2, 1, 1], [3, 1, 1], [3, 1, 2], [3, 2, 2], [2, 2, 2]];110
[[16, 8, 5], [16, 14, 8], [8, 6, 8]];[[2, 3, 3], [1, 1, 3], [3, 3, 3], [3, 1, 2], [2, 2, 2], [2, 1, 3], [3, 1, 1], [3, 2, 2], [1, 3, 3], [2, 1, 1]];[[3, 3, 3], [2, 3, 3], [1, 3, 3], [1, 1, 3], [2, 1, 3], [2, 1, 1], [3, 1, 1], [3, 1, 2], [3, 2, 2], [2, 2, 2]];110
[[16, 8, 5], [16, 14, 8], [8, 6, 8]];[[2, 3, 3], [1, 1, 3], [3, 3, 3], [3, 1, 2], [2, 2, 2], [2, 1, 3], [3, 1, 1], [3, 2, 2], [1, 3, 3], [2, 1, 1]];[[2, 2, 2], [3, 2, 2], [3, 1, 2], [3, 1, 1], [2, 1, 1], [2, 1, 3], [1, 1, 3], [1, 3, 3], [2, 3, 3], [3, 3, 3]];110
[[16, 8, 5], [16, 14, 8], [8, 6, 8]];[[2, 3, 3], [1, 1, 3], [3, 3, 3], [3, 1, 2], [2, 2, 2], [2, 1, 3], [3, 1, 1], [3, 2, 2], [1, 3, 3], [2, 1, 1]];[[2, 2, 2], [3, 2, 2], [3, 1, 2], [3, 1, 1], [2, 1, 1], [2, 1, 3], [1, 1, 3], [1, 3, 3], [3, 3, 3], [2, 3, 3]];110
[[7, 19, 15], [12, 5, 18], [20, 16, 6]];[[2, 2, 2], [3, 3, 1], [1, 1, 1], [1, 2, 2], [3, 2, 1], [3, 2, 3], [3, 3, 2], [1, 1, 3], [1, 3, 3], [2, 3, 2]];[[1, 1, 1], [1, 1, 3], [1, 3, 3], [1, 2, 2], [2, 2, 2], [2, 3, 2], [3, 3, 2], [3, 3, 1], [3, 2, 1], [3, 2, 3]];167
[[16, 10, 20], [19, 18, 18], [11, 14, 11]];[[2, 3, 3], [1, 1, 1], [2, 2, 3], [1, 1, 2], [3, 1, 3], [1, 3, 1], [3, 3, 1], [3, 2, 1], [3, 3, 2], [2, 3, 1]];[[2, 2, 3], [2, 3, 3], [2, 3, 1], [1, 3, 1], [1, 1, 1], [1, 1, 2], [3, 1, 3], [3, 2, 1], [3, 3, 1], [3, 3, 2]];209
[[16, 10, 20], [19, 18, 18], [11, 14, 11]];[[2, 3, 3], [1, 1, 1], [2, 2, 3], [1, 1, 2], [3, 1, 3], [1, 3, 1], [3, 3, 1], [3, 2, 1], [3, 3, 2], [2, 3, 1]];[[2, 2, 3], [2, 3, 3], [2, 3, 1], [1, 3, 1], [1, 1, 1], [1, 1, 2], [3, 1, 3], [3, 3, 2], [3, 3, 1], [3, 2, 1]];209
[[8, 5, 7], [6, 6, 12], [7, 15, 9]];[[3, 1, 2], [2, 1, 3], [2, 3, 3], [3, 2, 2], [2, 1, 2], [1, 1, 3], [3, 2, 1], [2, 2, 3], [1, 2, 1], [1, 1, 1]];[[2, 3, 3], [2, 2, 3], [2, 1, 3], [1, 1, 3], [1, 1, 1], [1, 2, 1], [3, 2, 1], [3, 2, 2], [3, 1, 2], [2, 1, 2]];92
[[8, 5, 7], [6, 6, 12], [7, 15, 9]];[[3, 1, 2], [2, 1, 3], [2, 3, 3], [3, 2, 2], [2, 1, 2], [1, 1, 3], [3, 2, 1], [2, 2, 3], [1, 2, 1], [1, 1, 1]];[[2, 1, 2], [3, 1, 2], [3, 2, 2], [3, 2, 1], [1, 2, 1], [1, 1, 1], [1, 1, 3], [2, 1, 3], [2, 3, 3], [2, 2, 3]];92
[[8, 5, 7], [6, 6, 12], [7, 15, 9]];[[3, 1, 2], [2, 1, 3], [2, 3, 3], [3, 2, 2], [2, 1, 2], [1, 1, 3], [3, 2, 1], [2, 2, 3], [1, 2, 1], [1, 1, 1]];[[2, 1, 2], [3, 1, 2], [3, 2, 2], [3, 2, 1], [1, 2, 1], [1, 1, 1], [1, 1, 3], [2, 1, 3], [2, 2, 3], [2, 3, 3]];92
[[7, 15, 8], [12, 14, 9], [6, 11, 11]];[[3, 3, 3], [2, 1, 3], [1, 1, 3], [1, 3, 1], [3, 1, 3], [3, 3, 2], [2, 1, 2], [1, 2, 2], [2, 3, 3], [2, 1, 1]];[[1, 1, 3], [3, 1, 3], [3, 3, 3], [2, 3, 3], [2, 1, 3], [2, 1, 1], [2, 1, 2], [1, 2, 2], [3, 3, 2], [1, 3, 1]];142
[[7, 15, 8], [12, 14, 9], [6, 11, 11]];[[3, 3, 3], [2, 1, 3], [1, 1, 3], [1, 3, 1], [3, 1, 3], [3, 3, 2], [2, 1, 2], [1, 2, 2], [2, 3, 3], [2, 1, 1]];[[1, 3, 1], [3, 3, 2], [1, 2, 2], [2, 1, 2], [2, 1, 1], [2, 1, 3], [2, 3, 3], [3, 3, 3], [3, 1, 3], [1, 1, 3]];142
[[16, 5, 13], [6, 8, 5], [11, 9, 6]];[[3, 1, 3], [2, 1, 3], [1, 3, 2], [1, 2, 1], [2, 3, 1], [2, 1, 2], [3, 2, 3], [1, 2, 2], [1, 3, 3], [3, 3, 3]];[[2, 3, 1], [1, 2, 1], [1, 2, 2], [1, 3, 2], [1, 3, 3], [3, 3, 3], [3, 2, 3], [3, 1, 3], [2, 1, 3], [2, 1, 2]];106
[[12, 7, 11], [15, 18, 15], [14, 15, 8]];[[1, 3, 2], [3, 2, 1], [3, 3, 2], [3, 2, 3], [3, 2, 2], [3, 1, 1], [1, 1, 1], [1, 1, 2], [1, 2, 1], [2, 2, 3]];[[3, 2, 1], [1, 2, 1], [2, 2, 3], [3, 2, 3], [3, 2, 2], [3, 3, 2], [1, 3, 2], [1, 1, 2], [1, 1, 1], [3, 1, 1]];163
[[12, 7, 11], [15, 18, 15], [14, 15, 8]];[[1, 3, 2], [3, 2, 1], [3, 3, 2], [3, 2, 3], [3, 2, 2], [3, 1, 1], [1, 1, 1], [1, 1, 2], [1, 2, 1], [2, 2, 3]];[[3, 2, 3], [2, 2, 3], [1, 2, 1], [3, 2, 1], [3, 2, 2], [3, 3, 2], [1, 3, 2], [1, 1, 2], [1, 1, 1], [3, 1, 1]];163
[[13, 14, 19], [5, 6, 19], [9, 5, 13]];[[1, 3, 2], [1, 1, 3], [1, 2, 2], [2, 3, 2], [3, 1, 2], [3, 2, 1], [1, 2, 3], [2, 2, 3], [1, 2, 1], [2, 1, 2]];[[1, 1, 3], [1, 2, 3], [2, 2, 3], [2, 1, 2], [2, 3, 2], [1, 3, 2], [1, 2, 2], [1, 2, 1], [3, 2, 1], [3, 1, 2]];137
[[13, 14, 19], [5, 6, 19], [9, 5, 13]];[[1, 3, 2], [1, 1, 3], [1, 2, 2], [2, 3, 2], [3, 1, 2], [3, 2, 1], [1, 2, 3], [2, 2, 3], [1, 2, 1], [2, 1, 2]];[[3, 1, 2], [3, 2, 1], [1, 2, 1], [1, 2, 2], [1, 3, 2], [2, 3, 2], [2, 1, 2], [2, 2, 3], [1, 2, 3], [1, 1, 3]];137
[[11, 18, 17], [19, 10, 6], [12, 11, 10]];[[3, 3, 1], [3, 3, 2], [2, 2, 1], [1, 3, 3], [3, 2, 3], [3, 2, 2], [2, 1, 3], [2, 3, 3], [1, 1, 3], [3, 1, 3]];[[2, 2, 1], [3, 3, 1], [3, 3, 2], [3, 2, 2], [3, 2, 3], [3, 1, 3], [1, 1, 3], [2, 1, 3], [2, 3, 3], [1, 3, 3]];159
[[11, 18, 17], [19, 10, 6], [12, 11, 10]];[[3, 3, 1], [3, 3, 2], [2, 2, 1], [1, 3, 3], [3, 2, 3], [3, 2, 2], [2, 1, 3], [2, 3, 3], [1, 1, 3], [3, 1, 3]];[[1, 3, 3], [2, 3, 3], [2, 1, 3], [1, 1, 3], [3, 1, 3], [3, 2, 3], [3, 2, 2], [3, 3, 2], [3, 3, 1], [2, 2, 1]];159
[[5, 12, 14], [18, 11, 10], [13, 8, 14]];[[2, 3, 2], [2, 2, 1], [3, 2, 3], [3, 3, 1], [2, 1, 2], [1, 2, 1], [1, 3, 2], [3, 2, 1], [1, 2, 3], [2, 2, 2]];[[3, 3, 1], [3, 2, 1], [3, 2, 3], [1, 2, 3], [1, 2, 1], [2, 2, 1], [2, 2, 2], [2, 1, 2], [2, 3, 2], [1, 3, 2]];133
[[19, 12, 9], [14, 20, 19], [10, 9, 8]];[[3, 1, 3], [1, 2, 2], [1, 1, 1], [3, 1, 1], [3, 3, 2], [1, 1, 2], [3, 3, 3], [1, 1, 3], [2, 1, 2], [2, 3, 1]];[[1, 2, 2], [1, 1, 2], [1, 1, 3], [1, 1, 1], [3, 1, 1], [3, 1, 3], [3, 3, 3], [3, 3, 2], [2, 3, 1], [2, 1, 2]];170
[[15, 6, 18], [11, 9, 19], [8, 11, 6]];[[1, 1, 3], [1, 2, 3], [1, 2, 1], [1, 3, 2], [2, 1, 3], [2, 3, 1], [3, 3, 2], [2, 1, 1], [3, 2, 1], [2, 3, 2]];[[1, 1, 3], [1, 2, 3], [1, 2, 1], [3, 2, 1], [3, 3, 2], [1, 3, 2], [2, 3, 2], [2, 3, 1], [2, 1, 1], [2, 1, 3]];143
[[15, 6, 18], [11, 9, 19], [8, 11, 6]];[[1, 1, 3], [1, 2, 3], [1, 2, 1], [1, 3, 2], [2, 1, 3], [2, 3, 1], [3, 3, 2], [2, 1, 1], [3, 2, 1], [2, 3, 2]];[[1, 2, 1], [1, 2, 3], [1, 1, 3], [2, 1, 3], [2, 1, 1], [2, 3, 1], [2, 3, 2], [1, 3, 2], [3, 3, 2], [3, 2, 1]];143
[[15, 6, 18], [11, 9, 19], [8, 11, 6]];[[1, 1, 3], [1, 2, 3], [1, 2, 1], [1, 3, 2], [2, 1, 3], [2, 3, 1], [3, 3, 2], [2, 1, 1], [3, 2, 1], [2, 3, 2]];[[2, 1, 3], [1, 1, 3], [1, 2, 3], [1, 2, 1], [3, 2, 1], [3, 3, 2], [1, 3, 2], [2, 3, 2], [2, 3, 1], [2, 1, 1]];143
[[15, 6, 18], [11, 9, 19], [8, 11, 6]];[[1, 1, 3], [1, 2, 3], [1, 2, 1], [1, 3, 2], [2, 1, 3], [2, 3, 1], [3, 3, 2], [2, 1, 1], [3, 2, 1], [2, 3, 2]];[[2, 1, 3], [2, 1, 1], [2, 3, 1], [2, 3, 2], [1, 3, 2], [3, 3, 2], [3, 2, 1], [1, 2, 1], [1, 2, 3], [1, 1, 3]];143
[[13, 18, 17], [17, 20, 19], [5, 11, 15]];[[3, 1, 3], [1, 1, 2], [1, 3, 2], [1, 2, 2], [3, 1, 1], [2, 1, 1], [3, 3, 1], [3, 2, 2], [2, 2, 2], [1, 1, 3]];[[1, 1, 2], [1, 1, 3], [3, 1, 3], [3, 1, 1], [2, 1, 1], [2, 2, 2], [3, 2, 2], [1, 2, 2], [1, 3, 2], [3, 3, 1]];198
[[13, 18, 17], [17, 20, 19], [5, 11, 15]];[[3, 1, 3], [1, 1, 2], [1, 3, 2], [1, 2, 2], [3, 1, 1], [2, 1, 1], [3, 3, 1], [3, 2, 2], [2, 2, 2], [1, 1, 3]];[[1, 1, 2], [1, 1, 3], [3, 1, 3], [3, 1, 1], [3, 3, 1], [1, 3, 2], [1, 2, 2], [3, 2, 2], [2, 2, 2], [2, 1, 1]];198
[[13, 18, 17], [17, 20, 19], [5, 11, 15]];[[3, 1, 3], [1, 1, 2], [1, 3, 2], [1, 2, 2], [3, 1, 1], [2, 1, 1], [3, 3, 1], [3, 2, 2], [2, 2, 2], [1, 1, 3]];[[1, 3, 2], [3, 3, 1], [3, 1, 1], [3, 1, 3], [1, 1, 3], [1, 1, 2], [1, 2, 2], [3, 2, 2], [2, 2, 2], [2, 1, 1]];198
[[13, 18, 17], [17, 20, 19], [5, 11, 15]];[[3, 1, 3], [1, 1, 2], [1, 3, 2], [1, 2, 2], [3, 1, 1], [2, 1, 1], [3, 3, 1], [3, 2, 2], [2, 2, 2], [1, 1, 3]];[[1, 2, 2], [3, 2, 2], [2, 2, 2], [2, 1, 1], [3, 1, 1], [3, 1, 3], [1, 1, 3], [1, 1, 2], [1, 3, 2], [3, 3, 1]];198
[[18, 8, 20], [12, 15, 8], [12, 15, 6]];[[2, 2, 2], [2, 3, 3], [1, 1, 3], [3, 2, 2], [3, 1, 1], [3, 1, 3], [2, 3, 2], [1, 3, 3], [1, 1, 1], [2, 1, 2]];[[2, 3, 3], [2, 3, 2], [2, 1, 2], [2, 2, 2], [3, 2, 2], [3, 1, 3], [3, 1, 1], [1, 1, 1], [1, 1, 3], [1, 3, 3]];146
[[17, 6, 18], [12, 10, 19], [20, 19, 16]];[[2, 1, 3], [1, 2, 2], [2, 1, 2], [3, 3, 2], [2, 1, 1], [2, 3, 1], [3, 2, 2], [1, 3, 2], [3, 2, 1], [2, 3, 2]];[[2, 1, 3], [2, 1, 2], [1, 2, 2], [1, 3, 2], [2, 3, 2], [3, 3, 2], [3, 2, 2], [3, 2, 1], [2, 1, 1], [2, 3, 1]];190
[[17, 6, 18], [12, 10, 19], [20, 19, 16]];[[2, 1, 3], [1, 2, 2], [2, 1, 2], [3, 3, 2], [2, 1, 1], [2, 3, 1], [3, 2, 2], [1, 3, 2], [3, 2, 1], [2, 3, 2]];[[2, 1, 3], [2, 1, 2], [1, 2, 2], [1, 3, 2], [2, 3, 2], [3, 3, 2], [3, 2, 2], [3, 2, 1], [2, 3, 1], [2, 1, 1]];190
[[17, 6, 18], [12, 10, 19], [20, 19, 16]];[[2, 1, 3], [1, 2, 2], [2, 1, 2], [3, 3, 2], [2, 1, 1], [2, 3, 1], [3, 2, 2], [1, 3, 2], [3, 2, 1], [2, 3, 2]];[[2, 1, 3], [2, 1, 1], [2, 3, 1], [3, 2, 1], [3, 2, 2], [3, 3, 2], [2, 3, 2], [1, 3, 2], [1, 2, 2], [2, 1, 2]];190
[[17, 6, 18], [12, 10, 19], [20, 19, 16]];[[2, 1, 3], [1, 2, 2], [2, 1, 2], [3, 3, 2], [2, 1, 1], [2, 3, 1], [3, 2, 2], [1, 3, 2], [3, 2, 1], [2, 3, 2]];[[2, 1, 2], [1, 2, 2], [1, 3, 2], [2, 3, 2], [3, 3, 2], [3, 2, 2], [3, 2, 1], [2, 3, 1], [2, 1, 1], [2, 1, 3]];190
[[17, 6, 18], [12, 10, 19], [20, 19, 16]];[[2, 1, 3], [1, 2, 2], [2, 1, 2], [3, 3, 2], [2, 1, 1], [2, 3, 1], [3, 2, 2], [1, 3, 2], [3, 2, 1], [2, 3, 2]];[[2, 1, 1], [2, 3, 1], [3, 2, 1], [3, 2, 2], [3, 3, 2], [2, 3, 2], [1, 3, 2], [1, 2, 2], [2, 1, 2], [2, 1, 3]];190
[[16, 6, 18], [17, 9, 8], [13, 8, 6]];[[1, 3, 3], [3, 1, 3], [2, 1, 1], [1, 2, 2], [2, 3, 3], [1, 1, 2], [1, 2, 1], [2, 2, 1], [1, 3, 2], [3, 2, 2]];[[2, 3, 3], [1, 3, 3], [1, 3, 2], [1, 1, 2], [1, 2, 2], [1, 2, 1], [2, 2, 1], [2, 1, 1], [3, 1, 3], [3, 2, 2]];147
[[14, 11, 13], [8, 20, 15], [20, 11, 5]];[[2, 3, 1], [2, 2, 1], [3, 1, 1], [1, 3, 3], [3, 2, 1], [1, 1, 2], [1, 1, 1], [2, 1, 1], [3, 3, 1], [1, 2, 1]];[[1, 3, 3], [1, 1, 2], [1, 1, 1], [1, 2, 1], [2, 2, 1], [3, 2, 1], [3, 1, 1], [3, 3, 1], [2, 3, 1], [2, 1, 1]];159
[[20, 15, 7], [10, 18, 6], [11, 20, 9]];[[1, 1, 1], [2, 3, 2], [1, 2, 2], [3, 2, 2], [3, 2, 1], [1, 1, 2], [1, 2, 3], [2, 1, 2], [1, 3, 3], [3, 3, 2]];[[3, 2, 1], [3, 2, 2], [1, 2, 2], [1, 2, 3], [1, 3, 3], [1, 1, 1], [1, 1, 2], [2, 1, 2], [2, 3, 2], [3, 3, 2]];160
[[5, 12, 17], [5, 6, 11], [12, 5, 7]];[[1, 1, 1], [1, 3, 3], [1, 2, 3], [1, 1, 2], [3, 1, 3], [3, 1, 1], [2, 3, 3], [2, 1, 2], [1, 3, 1], [2, 3, 1]];[[1, 2, 3], [1, 3, 3], [2, 3, 3], [2, 3, 1], [1, 3, 1], [1, 1, 1], [3, 1, 1], [3, 1, 3], [1, 1, 2], [2, 1, 2]];109
[[5, 12, 17], [5, 6, 11], [12, 5, 7]];[[1, 1, 1], [1, 3, 3], [1, 2, 3], [1, 1, 2], [3, 1, 3], [3, 1, 1], [2, 3, 3], [2, 1, 2], [1, 3, 1], [2, 3, 1]];[[1, 2, 3], [1, 3, 3], [2, 3, 3], [2, 3, 1], [1, 3, 1], [1, 1, 1], [3, 1, 1], [3, 1, 3], [2, 1, 2], [1, 1, 2]];109
[[5, 12, 17], [5, 6, 11], [12, 5, 7]];[[1, 1, 1], [1, 3, 3], [1, 2, 3], [1, 1, 2], [3, 1, 3], [3, 1, 1], [2, 3, 3], [2, 1, 2], [1, 3, 1], [2, 3, 1]];[[1, 1, 2], [2, 1, 2], [3, 1, 3], [3, 1, 1], [1, 1, 1], [1, 3, 1], [2, 3, 1], [2, 3, 3], [1, 3, 3], [1, 2, 3]];109
[[5, 12, 17], [5, 6, 11], [12, 5, 7]];[[1, 1, 1], [1, 3, 3], [1, 2, 3], [1, 1, 2], [3, 1, 3], [3, 1, 1], [2, 3, 3], [2, 1, 2], [1, 3, 1], [2, 3, 1]];[[3, 1, 3], [3, 1, 1], [1, 1, 1], [1, 3, 1], [2, 3, 1], [2, 3, 3], [1, 3, 3], [1, 2, 3], [1, 1, 2], [2, 1, 2]];109
[[16, 11, 19], [15, 15, 20], [19, 10, 7]];[[3, 1, 1], [2, 1, 3], [3, 3, 2], [1, 3, 2], [1, 3, 1], [1, 2, 3], [2, 3, 3], [1, 1, 3], [2, 1, 2], [3, 2, 2]];[[3, 1, 1], [2, 1, 2], [2, 1, 3], [1, 1, 3], [1, 2, 3], [3, 2, 2], [3, 3, 2], [1, 3, 2], [1, 3, 1], [2, 3, 3]];214
[[16, 11, 19], [15, 15, 20], [19, 10, 7]];[[3, 1, 1], [2, 1, 3], [3, 3, 2], [1, 3, 2], [1, 3, 1], [1, 2, 3], [2, 3, 3], [1, 1, 3], [2, 1, 2], [3, 2, 2]];[[3, 1, 1], [3, 2, 2], [3, 3, 2], [1, 3, 2], [1, 3, 1], [2, 3, 3], [2, 1, 3], [2, 1, 2], [1, 1, 3], [1, 2, 3]];214
[[16, 11, 19], [15, 15, 20], [19, 10, 7]];[[3, 1, 1], [2, 1, 3], [3, 3, 2], [1, 3, 2], [1, 3, 1], [1, 2, 3], [2, 3, 3], [1, 1, 3], [2, 1, 2], [3, 2, 2]];[[3, 1, 1], [3, 2, 2], [3, 3, 2], [1, 3, 2], [1, 3, 1], [2, 3, 3], [2, 1, 2], [2, 1, 3], [1, 1, 3], [1, 2, 3]];214
[[10, 6, 17], [13, 19, 8], [14, 20, 6]];[[3, 3, 3], [1, 1, 2], [3, 3, 2], [2, 2, 2], [1, 1, 3], [2, 3, 3], [3, 1, 1], [2, 2, 1], [1, 2, 1], [1, 1, 1]];[[1, 1, 3], [1, 1, 2], [2, 2, 2], [2, 2, 1], [1, 2, 1], [1, 1, 1], [3, 1, 1], [3, 3, 2], [3, 3, 3], [2, 3, 3]];168
[[7, 19, 15], [20, 19, 12], [19, 19, 6]];[[2, 2, 2], [2, 1, 3], [2, 1, 1], [2, 3, 1], [1, 2, 1], [1, 3, 3], [3, 2, 2], [3, 3, 2], [3, 1, 1], [1, 3, 2]];[[2, 1, 3], [2, 1, 1], [3, 1, 1], [2, 3, 1], [1, 2, 1], [2, 2, 2], [3, 2, 2], [3, 3, 2], [1, 3, 2], [1, 3, 3]];214
[[7, 19, 15], [20, 19, 12], [19, 19, 6]];[[2, 2, 2], [2, 1, 3], [2, 1, 1], [2, 3, 1], [1, 2, 1], [1, 3, 3], [3, 2, 2], [3, 3, 2], [3, 1, 1], [1, 3, 2]];[[2, 1, 3], [2, 1, 1], [3, 1, 1], [1, 2, 1], [2, 3, 1], [2, 2, 2], [3, 2, 2], [3, 3, 2], [1, 3, 2], [1, 3, 3]];214
[[7, 19, 15], [20, 19, 12], [19, 19, 6]];[[2, 2, 2], [2, 1, 3], [2, 1, 1], [2, 3, 1], [1, 2, 1], [1, 3, 3], [3, 2, 2], [3, 3, 2], [3, 1, 1], [1, 3, 2]];[[2, 1, 3], [3, 1, 1], [2, 1, 1], [2, 3, 1], [1, 2, 1], [2, 2, 2], [3, 2, 2], [3, 3, 2], [1, 3, 2], [1, 3, 3]];214
[[7, 19, 15], [20, 19, 12], [19, 19, 6]];[[2, 2, 2], [2, 1, 3], [2, 1, 1], [2, 3, 1], [1, 2, 1], [1, 3, 3], [3, 2, 2], [3, 3, 2], [3, 1, 1], [1, 3, 2]];[[2, 3, 1], [2, 1, 3], [2, 1, 1], [3, 1, 1], [1, 2, 1], [2, 2, 2], [3, 2, 2], [3, 3, 2], [1, 3, 2], [1, 3, 3]];214
[[7, 19, 15], [20, 19, 12], [19, 19, 6]];[[2, 2, 2], [2, 1, 3], [2, 1, 1], [2, 3, 1], [1, 2, 1], [1, 3, 3], [3, 2, 2], [3, 3, 2], [3, 1, 1], [1, 3, 2]];[[2, 3, 1], [2, 1, 1], [2, 1, 3], [3, 1, 1], [1, 2, 1], [2, 2, 2], [3, 2, 2], [3, 3, 2], [1, 3, 2], [1, 3, 3]];214
[[7, 19, 15], [20, 19, 12], [19, 19, 6]];[[2, 2, 2], [2, 1, 3], [2, 1, 1], [2, 3, 1], [1, 2, 1], [1, 3, 3], [3, 2, 2], [3, 3, 2], [3, 1, 1], [1, 3, 2]];[[2, 3, 1], [1, 2, 1], [3, 1, 1], [2, 1, 1], [2, 1, 3], [2, 2, 2], [3, 2, 2], [3, 3, 2], [1, 3, 2], [1, 3, 3]];214
[[7, 19, 15], [20, 19, 12], [19, 19, 6]];[[2, 2, 2], [2, 1, 3], [2, 1, 1], [2, 3, 1], [1, 2, 1], [1, 3, 3], [3, 2, 2], [3, 3, 2], [3, 1, 1], [1, 3, 2]];[[1, 2, 1], [2, 3, 1], [2, 1, 1], [3, 1, 1], [2, 1, 3], [2, 2, 2], [3, 2, 2], [3, 3, 2], [1, 3, 2], [1, 3, 3]];214
[[7, 19, 15], [20, 19, 12], [19, 19, 6]];[[2, 2, 2], [2, 1, 3], [2, 1, 1], [2, 3, 1], [1, 2, 1], [1, 3, 3], [3, 2, 2], [3, 3, 2], [3, 1, 1], [1, 3, 2]];[[1, 2, 1], [2, 3, 1], [3, 1, 1], [2, 1, 1], [2, 1, 3], [2, 2, 2], [3, 2, 2], [3, 3, 2], [1, 3, 2], [1, 3, 3]];214
[[7, 19, 15], [20, 19, 12], [19, 19, 6]];[[2, 2, 2], [2, 1, 3], [2, 1, 1], [2, 3, 1], [1, 2, 1], [1, 3, 3], [3, 2, 2], [3, 3, 2], [3, 1, 1], [1, 3, 2]];[[1, 2, 1], [3, 1, 1], [2, 1, 3], [2, 1, 1], [2, 3, 1], [2, 2, 2], [3, 2, 2], [3, 3, 2], [1, 3, 2], [1, 3, 3]];214
[[7, 19, 15], [20, 19, 12], [19, 19, 6]];[[2, 2, 2], [2, 1, 3], [2, 1, 1], [2, 3, 1], [1, 2, 1], [1, 3, 3], [3, 2, 2], [3, 3, 2], [3, 1, 1], [1, 3, 2]];[[1, 2, 1], [3, 1, 1], [2, 1, 1], [2, 1, 3], [2, 3, 1], [2, 2, 2], [3, 2, 2], [3, 3, 2], [1, 3, 2], [1, 3, 3]];214
[[20, 19, 14], [6, 11, 13], [14, 13, 10]];[[3, 1, 1], [2, 3, 2], [1, 1, 1], [2, 3, 3], [1, 3, 2], [2, 1, 1], [3, 3, 3], [1, 2, 2], [1, 3, 1], [2, 2, 2]];[[3, 1, 1], [2, 1, 1], [1, 1, 1], [1, 3, 1], [1, 3, 2], [1, 2, 2], [2, 2, 2], [2, 3, 2], [2, 3, 3], [3, 3, 3]];166
[[15, 17, 9], [9, 13, 6], [9, 13, 14]];[[1, 1, 3], [2, 3, 1], [3, 3, 1], [1, 2, 2], [1, 3, 2], [3, 2, 1], [2, 1, 1], [3, 3, 2], [2, 1, 2], [1, 1, 2]];[[1, 1, 3], [1, 1, 2], [1, 2, 2], [1, 3, 2], [3, 3, 2], [2, 1, 2], [2, 1, 1], [2, 3, 1], [3, 3, 1], [3, 2, 1]];142
[[20, 12, 16], [19, 10, 6], [11, 10, 5]];[[3, 3, 1], [2, 1, 2], [2, 3, 2], [3, 2, 2], [1, 3, 3], [1, 1, 1], [3, 2, 1], [3, 1, 2], [2, 1, 3], [1, 3, 1]];[[3, 3, 1], [3, 2, 1], [3, 2, 2], [3, 1, 2], [2, 1, 2], [2, 1, 3], [1, 1, 1], [1, 3, 1], [1, 3, 3], [2, 3, 2]];153
[[20, 12, 16], [19, 10, 6], [11, 10, 5]];[[3, 3, 1], [2, 1, 2], [2, 3, 2], [3, 2, 2], [1, 3, 3], [1, 1, 1], [3, 2, 1], [3, 1, 2], [2, 1, 3], [1, 3, 1]];[[2, 3, 2], [3, 3, 1], [3, 2, 1], [3, 2, 2], [3, 1, 2], [2, 1, 2], [2, 1, 3], [1, 1, 1], [1, 3, 1], [1, 3, 3]];153
[[20, 12, 16], [19, 10, 6], [11, 10, 5]];[[3, 3, 1], [2, 1, 2], [2, 3, 2], [3, 2, 2], [1, 3, 3], [1, 1, 1], [3, 2, 1], [3, 1, 2], [2, 1, 3], [1, 3, 1]];[[2, 3, 2], [1, 3, 3], [1, 3, 1], [1, 1, 1], [2, 1, 3], [2, 1, 2], [3, 1, 2], [3, 2, 2], [3, 2, 1], [3, 3, 1]];153
[[20, 12, 16], [19, 10, 6], [11, 10, 5]];[[3, 3, 1], [2, 1, 2], [2, 3, 2], [3, 2, 2], [1, 3, 3], [1, 1, 1], [3, 2, 1], [3, 1, 2], [2, 1, 3], [1, 3, 1]];[[1, 3, 3], [1, 3, 1], [1, 1, 1], [2, 1, 3], [2, 1, 2], [3, 1, 2], [3, 2, 2], [3, 2, 1], [3, 3, 1], [2, 3, 2]];153
[[17, 16, 17], [7, 16, 20], [6, 8, 8]];[[1, 2, 2], [3, 3, 1], [2, 3, 1], [3, 2, 3], [3, 2, 2], [2, 2, 3], [1, 1, 3], [3, 1, 3], [1, 2, 3], [2, 3, 2]];[[3, 3, 1], [2, 3, 1], [2, 3, 2], [2, 2, 3], [3, 2, 3], [3, 2, 2], [1, 2, 2], [1, 2, 3], [1, 1, 3], [3, 1, 3]];165
[[17, 16, 17], [7, 16, 20], [6, 8, 8]];[[1, 2, 2], [3, 3, 1], [2, 3, 1], [3, 2, 3], [3, 2, 2], [2, 2, 3], [1, 1, 3], [3, 1, 3], [1, 2, 3], [2, 3, 2]];[[3, 3, 1], [2, 3, 1], [2, 3, 2], [2, 2, 3], [1, 2, 3], [1, 2, 2], [3, 2, 2], [3, 2, 3], [3, 1, 3], [1, 1, 3]];165
[[10, 6, 18], [12, 14, 17], [8, 18, 17]];[[1, 2, 1], [1, 3, 2], [2, 2, 2], [1, 3, 3], [2, 2, 3], [3, 1, 1], [3, 3, 1], [2, 2, 1], [2, 3, 2], [2, 3, 1]];[[1, 2, 1], [2, 2, 1], [2, 2, 3], [2, 2, 2], [2, 3, 2], [1, 3, 2], [1, 3, 3], [2, 3, 1], [3, 3, 1], [3, 1, 1]];161
[[13, 17, 17], [15, 17, 6], [18, 13, 11]];[[3, 2, 1], [1, 1, 3], [1, 1, 2], [1, 2, 2], [3, 1, 2], [2, 2, 2], [3, 2, 2], [2, 1, 1], [1, 2, 3], [3, 3, 1]];[[3, 1, 2], [1, 1, 2], [1, 1, 3], [1, 2, 3], [1, 2, 2], [2, 2, 2], [3, 2, 2], [3, 2, 1], [3, 3, 1], [2, 1, 1]];189
[[7, 7, 10], [12, 9, 13], [9, 13, 19]];[[2, 3, 3], [1, 2, 1], [1, 2, 3], [1, 2, 2], [2, 3, 1], [2, 3, 2], [2, 1, 2], [1, 3, 2], [3, 2, 1], [1, 1, 3]];[[2, 3, 1], [2, 3, 3], [1, 2, 3], [1, 1, 3], [2, 1, 2], [2, 3, 2], [1, 3, 2], [1, 2, 2], [1, 2, 1], [3, 2, 1]];144
[[17, 6, 8], [19, 16, 6], [13, 11, 11]];[[1, 1, 1], [2, 1, 2], [2, 2, 3], [3, 1, 2], [1, 3, 2], [3, 3, 3], [3, 1, 1], [2, 2, 2], [2, 1, 1], [3, 1, 3]];[[2, 2, 3], [2, 2, 2], [1, 3, 2], [1, 1, 1], [3, 1, 1], [2, 1, 1], [2, 1, 2], [3, 1, 2], [3, 1, 3], [3, 3, 3]];149
[[17, 6, 8], [19, 16, 6], [13, 11, 11]];[[1, 1, 1], [2, 1, 2], [2, 2, 3], [3, 1, 2], [1, 3, 2], [3, 3, 3], [3, 1, 1], [2, 2, 2], [2, 1, 1], [3, 1, 3]];[[1, 3, 2], [1, 1, 1], [3, 1, 1], [2, 1, 1], [2, 1, 2], [3, 1, 2], [3, 1, 3], [3, 3, 3], [2, 2, 3], [2, 2, 2]];149
[[17, 6, 8], [19, 16, 6], [13, 11, 11]];[[1, 1, 1], [2, 1, 2], [2, 2, 3], [3, 1, 2], [1, 3, 2], [3, 3, 3], [3, 1, 1], [2, 2, 2], [2, 1, 1], [3, 1, 3]];[[1, 3, 2], [1, 1, 1], [2, 1, 1], [3, 1, 1], [3, 1, 3], [3, 1, 2], [2, 1, 2], [2, 2, 2], [2, 2, 3], [3, 3, 3]];149
[[16, 16, 6], [20, 5, 9], [20, 10, 6]];[[3, 2, 3], [2, 3, 1], [2, 3, 3], [2, 1, 1], [2, 2, 3], [2, 2, 2], [3, 2, 1], [1, 3, 3], [2, 1, 3], [1, 2, 3]];[[3, 2, 3], [3, 2, 1], [2, 3, 1], [2, 1, 1], [2, 1, 3], [2, 2, 3], [2, 2, 2], [2, 3, 3], [1, 3, 3], [1, 2, 3]];139
[[16, 16, 6], [20, 5, 9], [20, 10, 6]];[[3, 2, 3], [2, 3, 1], [2, 3, 3], [2, 1, 1], [2, 2, 3], [2, 2, 2], [3, 2, 1], [1, 3, 3], [2, 1, 3], [1, 2, 3]];[[3, 2, 3], [3, 2, 1], [2, 3, 1], [2, 1, 1], [2, 1, 3], [2, 2, 2], [2, 2, 3], [2, 3, 3], [1, 3, 3], [1, 2, 3]];139
[[16, 16, 6], [20, 5, 9], [20, 10, 6]];[[3, 2, 3], [2, 3, 1], [2, 3, 3], [2, 1, 1], [2, 2, 3], [2, 2, 2], [3, 2, 1], [1, 3, 3], [2, 1, 3], [1, 2, 3]];[[3, 2, 3], [1, 2, 3], [1, 3, 3], [2, 3, 3], [2, 2, 3], [2, 2, 2], [2, 1, 3], [2, 1, 1], [2, 3, 1], [3, 2, 1]];139
[[16, 16, 6], [20, 5, 9], [20, 10, 6]];[[3, 2, 3], [2, 3, 1], [2, 3, 3], [2, 1, 1], [2, 2, 3], [2, 2, 2], [3, 2, 1], [1, 3, 3], [2, 1, 3], [1, 2, 3]];[[3, 2, 3], [1, 2, 3], [1, 3, 3], [2, 3, 3], [2, 2, 2], [2, 2, 3], [2, 1, 3], [2, 1, 1], [2, 3, 1], [3, 2, 1]];139
[[9, 14, 13], [8, 10, 17], [20, 7, 5]];[[1, 2, 1], [1, 2, 3], [2, 1, 1], [3, 3, 2], [1, 1, 3], [2, 2, 1], [2, 1, 3], [1, 3, 2], [1, 3, 3], [1, 1, 1]];[[3, 3, 2], [1, 3, 2], [1, 3, 3], [1, 2, 3], [1, 1, 3], [1, 1, 1], [1, 2, 1], [2, 2, 1], [2, 1, 1], [2, 1, 3]];126
[[17, 15, 10], [18, 5, 19], [6, 15, 8]];[[1, 1, 2], [3, 2, 2], [3, 3, 1], [3, 1, 2], [2, 1, 3], [1, 1, 1], [2, 1, 1], [3, 3, 2], [3, 2, 3], [1, 3, 2]];[[3, 3, 1], [3, 3, 2], [1, 3, 2], [1, 1, 2], [1, 1, 1], [2, 1, 1], [2, 1, 3], [3, 1, 2], [3, 2, 2], [3, 2, 3]];152
[[14, 19, 7], [11, 12, 6], [16, 17, 11]];[[2, 3, 3], [3, 2, 1], [3, 1, 3], [1, 3, 3], [3, 3, 2], [1, 2, 2], [2, 2, 2], [1, 2, 3], [3, 2, 3], [3, 2, 2]];[[3, 2, 1], [3, 2, 3], [3, 1, 3], [2, 3, 3], [1, 3, 3], [1, 2, 3], [1, 2, 2], [2, 2, 2], [3, 2, 2], [3, 3, 2]];157
[[14, 19, 7], [11, 12, 6], [16, 17, 11]];[[2, 3, 3], [3, 2, 1], [3, 1, 3], [1, 3, 3], [3, 3, 2], [1, 2, 2], [2, 2, 2], [1, 2, 3], [3, 2, 3], [3, 2, 2]];[[3, 3, 2], [3, 2, 2], [2, 2, 2], [1, 2, 2], [1, 2, 3], [1, 3, 3], [2, 3, 3], [3, 1, 3], [3, 2, 3], [3, 2, 1]];157
[[14, 8, 14], [9, 5, 12], [13, 10, 8]];[[1, 3, 1], [2, 1, 3], [3, 3, 3], [1, 2, 3], [2, 2, 2], [1, 3, 3], [1, 1, 2], [2, 3, 3], [2, 2, 1], [3, 3, 2]];[[2, 1, 3], [2, 3, 3], [3, 3, 3], [3, 3, 2], [2, 2, 2], [2, 2, 1], [1, 3, 1], [1, 3, 3], [1, 2, 3], [1, 1, 2]];145
[[14, 8, 14], [9, 5, 12], [13, 10, 8]];[[1, 3, 1], [2, 1, 3], [3, 3, 3], [1, 2, 3], [2, 2, 2], [1, 3, 3], [1, 1, 2], [2, 3, 3], [2, 2, 1], [3, 3, 2]];[[2, 1, 3], [2, 3, 3], [3, 3, 3], [3, 3, 2], [1, 1, 2], [1, 2, 3], [1, 3, 3], [1, 3, 1], [2, 2, 1], [2, 2, 2]];145
[[14, 8, 14], [9, 5, 12], [13, 10, 8]];[[1, 3, 1], [2, 1, 3], [3, 3, 3], [1, 2, 3], [2, 2, 2], [1, 3, 3], [1, 1, 2], [2, 3, 3], [2, 2, 1], [3, 3, 2]];[[2, 2, 2], [2, 2, 1], [1, 3, 1], [1, 3, 3], [1, 2, 3], [1, 1, 2], [3, 3, 2], [3, 3, 3], [2, 3, 3], [2, 1, 3]];145
[[13, 19, 12], [20, 10, 19], [10, 13, 11]];[[3, 2, 3], [2, 3, 2], [2, 3, 3], [3, 1, 1], [1, 3, 3], [2, 1, 3], [1, 3, 2], [2, 1, 2], [1, 1, 2], [1, 1, 1]];[[3, 2, 3], [3, 1, 1], [1, 1, 1], [1, 1, 2], [2, 1, 2], [2, 1, 3], [2, 3, 3], [2, 3, 2], [1, 3, 2], [1, 3, 3]];175
[[13, 19, 12], [20, 10, 19], [10, 13, 11]];[[3, 2, 3], [2, 3, 2], [2, 3, 3], [3, 1, 1], [1, 3, 3], [2, 1, 3], [1, 3, 2], [2, 1, 2], [1, 1, 2], [1, 1, 1]];[[1, 3, 3], [1, 3, 2], [2, 3, 2], [2, 3, 3], [2, 1, 3], [2, 1, 2], [1, 1, 2], [1, 1, 1], [3, 1, 1], [3, 2, 3]];175
[[10, 19, 5], [20, 14, 16], [16, 9, 12]];[[1, 1, 3], [3, 2, 1], [1, 3, 2], [3, 1, 2], [1, 2, 2], [3, 3, 2], [3, 2, 3], [2, 3, 1], [2, 2, 3], [2, 2, 1]];[[1, 1, 3], [3, 1, 2], [3, 3, 2], [1, 3, 2], [1, 2, 2], [3, 2, 1], [3, 2, 3], [2, 2, 3], [2, 2, 1], [2, 3, 1]];180
[[20, 16, 15], [18, 14, 16], [16, 15, 17]];[[3, 2, 1], [3, 2, 3], [3, 3, 3], [3, 3, 2], [3, 2, 2], [1, 1, 3], [1, 3, 3], [3, 1, 1], [1, 2, 1], [3, 1, 2]];[[3, 2, 3], [3, 3, 3], [1, 3, 3], [1, 1, 3], [1, 2, 1], [3, 2, 1], [3, 1, 1], [3, 1, 2], [3, 3, 2], [3, 2, 2]];208
[[20, 16, 15], [18, 14, 16], [16, 15, 17]];[[3, 2, 1], [3, 2, 3], [3, 3, 3], [3, 3, 2], [3, 2, 2], [1, 1, 3], [1, 3, 3], [3, 1, 1], [1, 2, 1], [3, 1, 2]];[[3, 2, 3], [3, 3, 3], [1, 3, 3], [1, 1, 3], [1, 2, 1], [3, 2, 1], [3, 1, 1], [3, 1, 2], [3, 2, 2], [3, 3, 2]];208
[[20, 16, 15], [18, 14, 16], [16, 15, 17]];[[3, 2, 1], [3, 2, 3], [3, 3, 3], [3, 3, 2], [3, 2, 2], [1, 1, 3], [1, 3, 3], [3, 1, 1], [1, 2, 1], [3, 1, 2]];[[3, 3, 2], [3, 2, 2], [3, 1, 2], [3, 1, 1], [3, 2, 1], [1, 2, 1], [1, 1, 3], [1, 3, 3], [3, 3, 3], [3, 2, 3]];208
[[20, 16, 15], [18, 14, 16], [16, 15, 17]];[[3, 2, 1], [3, 2, 3], [3, 3, 3], [3, 3, 2], [3, 2, 2], [1, 1, 3], [1, 3, 3], [3, 1, 1], [1, 2, 1], [3, 1, 2]];[[3, 2, 2], [3, 3, 2], [3, 1, 2], [3, 1, 1], [3, 2, 1], [1, 2, 1], [1, 1, 3], [1, 3, 3], [3, 3, 3], [3, 2, 3]];208
[[12, 19, 7], [16, 14, 8], [14, 13, 11]];[[1, 1, 3], [1, 1, 2], [2, 1, 3], [3, 3, 3], [2, 1, 2], [2, 2, 3], [1, 2, 1], [3, 3, 2], [2, 3, 2], [3, 2, 3]];[[3, 3, 3], [3, 3, 2], [2, 3, 2], [2, 1, 2], [1, 1, 2], [1, 1, 3], [2, 1, 3], [2, 2, 3], [3, 2, 3], [1, 2, 1]];163
[[8, 17, 8], [15, 19, 9], [19, 5, 17]];[[3, 3, 3], [2, 3, 1], [1, 3, 3], [1, 1, 1], [2, 2, 1], [3, 1, 1], [3, 3, 1], [1, 1, 3], [1, 3, 2], [3, 3, 2]];[[2, 2, 1], [2, 3, 1], [3, 3, 1], [3, 1, 1], [1, 1, 1], [1, 1, 3], [1, 3, 3], [3, 3, 3], [3, 3, 2], [1, 3, 2]];142
[[15, 20, 14], [16, 7, 19], [15, 16, 11]];[[3, 2, 1], [1, 3, 3], [1, 3, 2], [3, 2, 3], [3, 1, 2], [3, 3, 3], [1, 1, 3], [2, 3, 2], [3, 1, 1], [3, 1, 3]];[[3, 2, 1], [3, 1, 1], [3, 1, 2], [3, 1, 3], [1, 1, 3], [1, 3, 3], [1, 3, 2], [2, 3, 2], [3, 3, 3], [3, 2, 3]];181
[[15, 20, 14], [16, 7, 19], [15, 16, 11]];[[3, 2, 1], [1, 3, 3], [1, 3, 2], [3, 2, 3], [3, 1, 2], [3, 3, 3], [1, 1, 3], [2, 3, 2], [3, 1, 1], [3, 1, 3]];[[3, 2, 3], [3, 3, 3], [2, 3, 2], [1, 3, 2], [1, 3, 3], [1, 1, 3], [3, 1, 3], [3, 1, 2], [3, 1, 1], [3, 2, 1]];181
[[13, 20, 11], [9, 10, 8], [11, 17, 15]];[[3, 1, 3], [3, 1, 1], [1, 1, 2], [3, 3, 2], [1, 1, 1], [1, 1, 3], [2, 1, 3], [3, 2, 2], [1, 2, 2], [3, 2, 1]];[[3, 3, 2], [3, 2, 2], [1, 2, 2], [1, 1, 2], [1, 1, 1], [1, 1, 3], [2, 1, 3], [3, 1, 3], [3, 1, 1], [3, 2, 1]];146
[[6, 16, 18], [19, 9, 12], [8, 19, 14]];[[1, 1, 1], [2, 2, 2], [1, 2, 1], [1, 1, 3], [1, 3, 3], [3, 3, 2], [3, 1, 1], [1, 3, 2], [3, 2, 1], [1, 1, 2]];[[2, 2, 2], [3, 3, 2], [1, 3, 2], [1, 3, 3], [1, 1, 3], [1, 1, 2], [1, 1, 1], [3, 1, 1], [3, 2, 1], [1, 2, 1]];173
[[6, 16, 18], [19, 9, 12], [8, 19, 14]];[[1, 1, 1], [2, 2, 2], [1, 2, 1], [1, 1, 3], [1, 3, 3], [3, 3, 2], [3, 1, 1], [1, 3, 2], [3, 2, 1], [1, 1, 2]];[[1, 2, 1], [3, 2, 1], [3, 1, 1], [1, 1, 1], [1, 1, 2], [1, 1, 3], [1, 3, 3], [1, 3, 2], [3, 3, 2], [2, 2, 2]];173
[[17, 20, 11], [8, 10, 13], [12, 5, 16]];[[3, 2, 3], [2, 1, 2], [1, 2, 2], [1, 1, 1], [1, 3, 3], [3, 1, 1], [2, 1, 1], [1, 1, 2], [3, 1, 2], [2, 3, 3]];[[3, 2, 3], [1, 3, 3], [2, 3, 3], [2, 1, 1], [2, 1, 2], [3, 1, 2], [3, 1, 1], [1, 1, 1], [1, 1, 2], [1, 2, 2]];167
[[17, 20, 11], [8, 10, 13], [12, 5, 16]];[[3, 2, 3], [2, 1, 2], [1, 2, 2], [1, 1, 1], [1, 3, 3], [3, 1, 1], [2, 1, 1], [1, 1, 2], [3, 1, 2], [2, 3, 3]];[[1, 2, 2], [1, 1, 2], [1, 1, 1], [3, 1, 1], [3, 1, 2], [2, 1, 2], [2, 1, 1], [2, 3, 3], [1, 3, 3], [3, 2, 3]];167
[[13, 14, 16], [8, 5, 14], [13, 6, 15]];[[1, 1, 3], [1, 2, 1], [2, 3, 3], [2, 3, 1], [3, 3, 1], [3, 2, 1], [2, 1, 3], [1, 1, 2], [3, 1, 3], [1, 2, 2]];[[1, 2, 1], [3, 2, 1], [3, 3, 1], [2, 3, 1], [2, 3, 3], [2, 1, 3], [3, 1, 3], [1, 1, 3], [1, 1, 2], [1, 2, 2]];138
[[13, 14, 16], [8, 5, 14], [13, 6, 15]];[[1, 1, 3], [1, 2, 1], [2, 3, 3], [2, 3, 1], [3, 3, 1], [3, 2, 1], [2, 1, 3], [1, 1, 2], [3, 1, 3], [1, 2, 2]];[[1, 2, 1], [1, 2, 2], [1, 1, 2], [1, 1, 3], [3, 1, 3], [2, 1, 3], [2, 3, 3], [2, 3, 1], [3, 3, 1], [3, 2, 1]];138
[[6, 19, 5], [5, 10, 14], [16, 10, 11]];[[2, 3, 3], [1, 2, 2], [1, 1, 2], [2, 2, 2], [2, 2, 1], [3, 3, 2], [1, 2, 3], [1, 3, 1], [3, 1, 3], [2, 1, 1]];[[1, 1, 2], [3, 3, 2], [1, 3, 1], [2, 3, 3], [2, 1, 1], [2, 2, 1], [2, 2, 2], [1, 2, 2], [1, 2, 3], [3, 1, 3]];160
[[12, 5, 19], [7, 11, 20], [19, 18, 19]];[[2, 2, 1], [2, 1, 1], [2, 3, 2], [3, 3, 2], [1, 1, 1], [1, 2, 3], [2, 1, 2], [1, 1, 2], [2, 3, 3], [3, 1, 2]];[[2, 2, 1], [2, 1, 1], [1, 1, 1], [1, 1, 2], [2, 1, 2], [3, 1, 2], [3, 3, 2], [2, 3, 2], [2, 3, 3], [1, 2, 3]];163
[[20, 14, 5], [18, 12, 13], [15, 5, 11]];[[1, 1, 2], [3, 3, 3], [2, 3, 2], [1, 2, 3], [3, 1, 1], [2, 1, 2], [3, 3, 1], [1, 2, 2], [2, 3, 1], [1, 1, 1]];[[3, 3, 3], [3, 3, 1], [2, 3, 1], [2, 3, 2], [2, 1, 2], [3, 1, 1], [1, 1, 1], [1, 1, 2], [1, 2, 2], [1, 2, 3]];149
[[20, 14, 5], [18, 12, 13], [15, 5, 11]];[[1, 1, 2], [3, 3, 3], [2, 3, 2], [1, 2, 3], [3, 1, 1], [2, 1, 2], [3, 3, 1], [1, 2, 2], [2, 3, 1], [1, 1, 1]];[[1, 2, 3], [1, 2, 2], [1, 1, 2], [1, 1, 1], [3, 1, 1], [2, 1, 2], [2, 3, 2], [2, 3, 1], [3, 3, 1], [3, 3, 3]];149
[[13, 12, 18], [5, 17, 20], [16, 18, 14]];[[1, 2, 2], [1, 2, 1], [1, 2, 3], [1, 1, 2], [2, 2, 3], [3, 1, 1], [3, 2, 1], [2, 3, 2], [1, 1, 3], [1, 3, 1]];[[2, 2, 3], [1, 2, 3], [1, 1, 3], [1, 1, 2], [1, 2, 2], [2, 3, 2], [1, 3, 1], [1, 2, 1], [3, 2, 1], [3, 1, 1]];197
[[13, 11, 5], [19, 15, 18], [13, 20, 14]];[[2, 2, 3], [3, 2, 3], [1, 1, 3], [3, 2, 1], [1, 1, 2], [1, 3, 3], [3, 3, 1], [2, 3, 3], [2, 3, 1], [3, 3, 3]];[[2, 2, 3], [3, 2, 3], [3, 2, 1], [3, 3, 1], [2, 3, 1], [2, 3, 3], [3, 3, 3], [1, 3, 3], [1, 1, 3], [1, 1, 2]];158
[[13, 11, 5], [19, 15, 18], [13, 20, 14]];[[2, 2, 3], [3, 2, 3], [1, 1, 3], [3, 2, 1], [1, 1, 2], [1, 3, 3], [3, 3, 1], [2, 3, 3], [2, 3, 1], [3, 3, 3]];[[1, 1, 2], [1, 1, 3], [1, 3, 3], [3, 3, 3], [2, 3, 3], [2, 3, 1], [3, 3, 1], [3, 2, 1], [3, 2, 3], [2, 2, 3]];158
[[19, 12, 12], [5, 6, 18], [8, 5, 5]];[[2, 2, 3], [3, 2, 3], [1, 1, 2], [1, 3, 1], [3, 1, 2], [1, 1, 3], [3, 3, 2], [2, 3, 2], [1, 3, 3], [3, 2, 2]];[[2, 2, 3], [3, 2, 3], [3, 2, 2], [3, 1, 2], [3, 3, 2], [2, 3, 2], [1, 3, 1], [1, 3, 3], [1, 1, 3], [1, 1, 2]];117
[[19, 12, 12], [5, 6, 18], [8, 5, 5]];[[2, 2, 3], [3, 2, 3], [1, 1, 2], [1, 3, 1], [3, 1, 2], [1, 1, 3], [3, 3, 2], [2, 3, 2], [1, 3, 3], [3, 2, 2]];[[1, 1, 2], [1, 1, 3], [1, 3, 3], [1, 3, 1], [2, 3, 2], [3, 3, 2], [3, 1, 2], [3, 2, 2], [3, 2, 3], [2, 2, 3]];117
[[13, 8, 8], [10, 17, 7], [14, 14, 12]];[[1, 3, 2], [3, 1, 3], [3, 3, 2], [2, 2, 1], [1, 3, 3], [2, 3, 2], [3, 2, 1], [1, 3, 1], [3, 1, 2], [3, 2, 2]];[[3, 1, 3], [1, 3, 3], [1, 3, 1], [1, 3, 2], [2, 3, 2], [3, 3, 2], [3, 1, 2], [3, 2, 2], [3, 2, 1], [2, 2, 1]];143
[[13, 8, 8], [10, 17, 7], [14, 14, 12]];[[1, 3, 2], [3, 1, 3], [3, 3, 2], [2, 2, 1], [1, 3, 3], [2, 3, 2], [3, 2, 1], [1, 3, 1], [3, 1, 2], [3, 2, 2]];[[2, 2, 1], [3, 2, 1], [3, 2, 2], [3, 1, 2], [3, 3, 2], [2, 3, 2], [1, 3, 2], [1, 3, 1], [1, 3, 3], [3, 1, 3]];143
[[19, 6, 14], [16, 18, 20], [19, 18, 20]];[[3, 3, 2], [2, 2, 2], [2, 3, 3], [1, 1, 1], [3, 1, 1], [2, 1, 2], [3, 1, 2], [2, 2, 3], [1, 3, 2], [3, 3, 3]];[[1, 1, 1], [3, 1, 1], [3, 1, 2], [2, 1, 2], [2, 2, 2], [2, 2, 3], [2, 3, 3], [3, 3, 3], [3, 3, 2], [1, 3, 2]];201
[[7, 17, 13], [11, 16, 16], [12, 7, 14]];[[3, 2, 1], [2, 3, 2], [2, 2, 1], [3, 2, 3], [3, 1, 2], [1, 2, 3], [1, 3, 1], [2, 2, 3], [2, 2, 2], [3, 3, 2]];[[3, 1, 2], [3, 3, 2], [2, 3, 2], [2, 2, 2], [2, 2, 1], [2, 2, 3], [1, 2, 3], [3, 2, 3], [3, 2, 1], [1, 3, 1]];161
[[9, 14, 12], [20, 10, 13], [13, 13, 10]];[[1, 3, 2], [1, 3, 1], [1, 3, 3], [3, 2, 2], [2, 3, 3], [1, 2, 3], [3, 1, 3], [3, 3, 1], [3, 2, 3], [2, 2, 2]];[[3, 2, 2], [2, 2, 2], [2, 3, 3], [1, 3, 3], [1, 3, 2], [1, 3, 1], [3, 3, 1], [3, 1, 3], [3, 2, 3], [1, 2, 3]];168
[[14, 13, 20], [12, 15, 11], [15, 8, 8]];[[2, 3, 2], [3, 2, 1], [1, 3, 1], [1, 1, 2], [1, 1, 1], [2, 2, 3], [2, 1, 3], [3, 1, 2], [3, 3, 3], [3, 2, 3]];[[2, 3, 2], [2, 1, 3], [2, 2, 3], [3, 2, 1], [3, 2, 3], [3, 3, 3], [3, 1, 2], [1, 1, 2], [1, 1, 1], [1, 3, 1]];181
[[14, 13, 20], [12, 15, 11], [15, 8, 8]];[[2, 3, 2], [3, 2, 1], [1, 3, 1], [1, 1, 2], [1, 1, 1], [2, 2, 3], [2, 1, 3], [3, 1, 2], [3, 3, 3], [3, 2, 3]];[[2, 3, 2], [2, 1, 3], [2, 2, 3], [3, 2, 3], [3, 2, 1], [3, 3, 3], [3, 1, 2], [1, 1, 2], [1, 1, 1], [1, 3, 1]];181
[[14, 13, 20], [12, 15, 11], [15, 8, 8]];[[2, 3, 2], [3, 2, 1], [1, 3, 1], [1, 1, 2], [1, 1, 1], [2, 2, 3], [2, 1, 3], [3, 1, 2], [3, 3, 3], [3, 2, 3]];[[1, 3, 1], [1, 1, 1], [1, 1, 2], [3, 1, 2], [3, 3, 3], [3, 2, 1], [3, 2, 3], [2, 2, 3], [2, 1, 3], [2, 3, 2]];181
[[14, 13, 20], [12, 15, 11], [15, 8, 8]];[[2, 3, 2], [3, 2, 1], [1, 3, 1], [1, 1, 2], [1, 1, 1], [2, 2, 3], [2, 1, 3], [3, 1, 2], [3, 3, 3], [3, 2, 3]];[[1, 3, 1], [1, 1, 1], [1, 1, 2], [3, 1, 2], [3, 3, 3], [3, 2, 3], [3, 2, 1], [2, 2, 3], [2, 1, 3], [2, 3, 2]];181
[[12, 18, 14], [18, 5, 14], [19, 9, 17]];[[1, 2, 3], [1, 1, 1], [2, 2, 2], [2, 3, 2], [2, 2, 1], [2, 1, 1], [1, 1, 3], [3, 2, 1], [3, 1, 3], [2, 2, 3]];[[2, 3, 2], [2, 2, 2], [2, 2, 3], [1, 2, 3], [1, 1, 3], [3, 1, 3], [1, 1, 1], [2, 1, 1], [2, 2, 1], [3, 2, 1]];175
[[12, 18, 14], [18, 5, 14], [19, 9, 17]];[[1, 2, 3], [1, 1, 1], [2, 2, 2], [2, 3, 2], [2, 2, 1], [2, 1, 1], [1, 1, 3], [3, 2, 1], [3, 1, 3], [2, 2, 3]];[[2, 3, 2], [2, 2, 2], [2, 2, 3], [1, 2, 3], [3, 1, 3], [1, 1, 3], [1, 1, 1], [2, 1, 1], [2, 2, 1], [3, 2, 1]];175
[[19, 18, 12], [11, 15, 9], [14, 10, 20]];[[3, 3, 2], [1, 1, 1], [3, 1, 2], [2, 3, 3], [3, 2, 2], [3, 1, 3], [1, 3, 2], [3, 2, 1], [1, 1, 3], [2, 2, 3]];[[2, 3, 3], [2, 2, 3], [3, 1, 3], [1, 1, 3], [1, 1, 1], [1, 3, 2], [3, 3, 2], [3, 1, 2], [3, 2, 2], [3, 2, 1]];189
[[14, 12, 8], [11, 9, 7], [19, 10, 16]];[[3, 1, 2], [3, 3, 1], [1, 2, 2], [3, 1, 1], [2, 3, 2], [1, 3, 1], [2, 1, 3], [1, 1, 3], [2, 2, 1], [2, 2, 3]];[[3, 1, 2], [3, 1, 1], [3, 3, 1], [1, 3, 1], [2, 2, 1], [2, 2, 3], [2, 1, 3], [1, 1, 3], [1, 2, 2], [2, 3, 2]];169
[[14, 12, 8], [11, 9, 7], [19, 10, 16]];[[3, 1, 2], [3, 3, 1], [1, 2, 2], [3, 1, 1], [2, 3, 2], [1, 3, 1], [2, 1, 3], [1, 1, 3], [2, 2, 1], [2, 2, 3]];[[1, 2, 2], [1, 1, 3], [2, 1, 3], [2, 2, 3], [2, 2, 1], [1, 3, 1], [3, 3, 1], [3, 1, 1], [3, 1, 2], [2, 3, 2]];169
[[14, 12, 8], [11, 9, 7], [19, 10, 16]];[[3, 1, 2], [3, 3, 1], [1, 2, 2], [3, 1, 1], [2, 3, 2], [1, 3, 1], [2, 1, 3], [1, 1, 3], [2, 2, 1], [2, 2, 3]];[[2, 3, 2], [3, 1, 2], [3, 1, 1], [3, 3, 1], [1, 3, 1], [2, 2, 1], [2, 2, 3], [2, 1, 3], [1, 1, 3], [1, 2, 2]];169
[[14, 12, 8], [11, 9, 7], [19, 10, 16]];[[3, 1, 2], [3, 3, 1], [1, 2, 2], [3, 1, 1], [2, 3, 2], [1, 3, 1], [2, 1, 3], [1, 1, 3], [2, 2, 1], [2, 2, 3]];[[2, 3, 2], [1, 2, 2], [1, 1, 3], [2, 1, 3], [2, 2, 3], [2, 2, 1], [1, 3, 1], [3, 3, 1], [3, 1, 1], [3, 1, 2]];169
[[14, 7, 19], [12, 20, 7], [10, 5, 9]];[[1, 3, 2], [1, 1, 3], [3, 1, 3], [2, 1, 3], [1, 1, 1], [2, 2, 1], [1, 2, 1], [2, 2, 3], [3, 3, 2], [2, 1, 2]];[[1, 3, 2], [3, 3, 2], [3, 1, 3], [1, 1, 3], [1, 1, 1], [1, 2, 1], [2, 2, 1], [2, 2, 3], [2, 1, 3], [2, 1, 2]];143
[[12, 15, 10], [15, 19, 10], [15, 13, 14]];[[3, 2, 1], [1, 3, 3], [1, 1, 3], [2, 2, 3], [3, 1, 1], [3, 1, 2], [2, 3, 2], [2, 1, 1], [1, 2, 3], [2, 2, 2]];[[3, 2, 1], [3, 1, 1], [2, 1, 1], [3, 1, 2], [1, 1, 3], [1, 3, 3], [1, 2, 3], [2, 2, 3], [2, 2, 2], [2, 3, 2]];190
[[12, 15, 10], [15, 19, 10], [15, 13, 14]];[[3, 2, 1], [1, 3, 3], [1, 1, 3], [2, 2, 3], [3, 1, 1], [3, 1, 2], [2, 3, 2], [2, 1, 1], [1, 2, 3], [2, 2, 2]];[[3, 2, 1], [3, 1, 1], [2, 1, 1], [2, 3, 2], [2, 2, 2], [2, 2, 3], [1, 2, 3], [1, 3, 3], [1, 1, 3], [3, 1, 2]];190
[[12, 15, 10], [15, 19, 10], [15, 13, 14]];[[3, 2, 1], [1, 3, 3], [1, 1, 3], [2, 2, 3], [3, 1, 1], [3, 1, 2], [2, 3, 2], [2, 1, 1], [1, 2, 3], [2, 2, 2]];[[3, 2, 1], [2, 1, 1], [3, 1, 1], [3, 1, 2], [1, 1, 3], [1, 3, 3], [1, 2, 3], [2, 2, 3], [2, 2, 2], [2, 3, 2]];190
[[12, 19, 6], [19, 10, 7], [15, 16, 12]];[[2, 2, 1], [1, 3, 2], [2, 1, 3], [1, 3, 1], [1, 1, 1], [1, 1, 3], [2, 3, 3], [1, 2, 2], [2, 1, 1], [1, 1, 2]];[[2, 2, 1], [2, 1, 1], [1, 1, 1], [1, 3, 1], [1, 3, 2], [1, 2, 2], [1, 1, 2], [1, 1, 3], [2, 1, 3], [2, 3, 3]];165
[[12, 19, 6], [19, 10, 7], [15, 16, 12]];[[2, 2, 1], [1, 3, 2], [2, 1, 3], [1, 3, 1], [1, 1, 1], [1, 1, 3], [2, 3, 3], [1, 2, 2], [2, 1, 1], [1, 1, 2]];[[1, 3, 2], [1, 2, 2], [1, 1, 2], [1, 1, 3], [2, 1, 3], [2, 3, 3], [2, 2, 1], [2, 1, 1], [1, 1, 1], [1, 3, 1]];165
[[12, 19, 6], [19, 10, 7], [15, 16, 12]];[[2, 2, 1], [1, 3, 2], [2, 1, 3], [1, 3, 1], [1, 1, 1], [1, 1, 3], [2, 3, 3], [1, 2, 2], [2, 1, 1], [1, 1, 2]];[[1, 3, 2], [1, 2, 2], [1, 1, 2], [1, 1, 3], [1, 1, 1], [1, 3, 1], [2, 2, 1], [2, 1, 1], [2, 1, 3], [2, 3, 3]];165
[[12, 19, 6], [19, 10, 7], [15, 16, 12]];[[2, 2, 1], [1, 3, 2], [2, 1, 3], [1, 3, 1], [1, 1, 1], [1, 1, 3], [2, 3, 3], [1, 2, 2], [2, 1, 1], [1, 1, 2]];[[1, 3, 1], [1, 1, 1], [2, 1, 1], [2, 2, 1], [2, 3, 3], [2, 1, 3], [1, 1, 3], [1, 1, 2], [1, 3, 2], [1, 2, 2]];165
[[12, 19, 6], [19, 10, 7], [15, 16, 12]];[[2, 2, 1], [1, 3, 2], [2, 1, 3], [1, 3, 1], [1, 1, 1], [1, 1, 3], [2, 3, 3], [1, 2, 2], [2, 1, 1], [1, 1, 2]];[[1, 3, 1], [1, 1, 1], [2, 1, 1], [2, 2, 1], [2, 3, 3], [2, 1, 3], [1, 1, 3], [1, 1, 2], [1, 2, 2], [1, 3, 2]];165
[[11, 12, 8], [15, 12, 5], [6, 14, 10]];[[1, 3, 2], [1, 3, 3], [2, 3, 2], [2, 3, 1], [1, 1, 2], [2, 2, 3], [2, 2, 1], [2, 1, 3], [2, 1, 2], [3, 2, 3]];[[1, 3, 3], [2, 1, 3], [2, 1, 2], [1, 1, 2], [1, 3, 2], [2, 3, 2], [2, 3, 1], [2, 2, 1], [2, 2, 3], [3, 2, 3]];131
[[11, 12, 8], [15, 12, 5], [6, 14, 10]];[[1, 3, 2], [1, 3, 3], [2, 3, 2], [2, 3, 1], [1, 1, 2], [2, 2, 3], [2, 2, 1], [2, 1, 3], [2, 1, 2], [3, 2, 3]];[[1, 3, 3], [3, 2, 3], [2, 2, 3], [2, 2, 1], [2, 3, 1], [2, 3, 2], [1, 3, 2], [1, 1, 2], [2, 1, 2], [2, 1, 3]];131
[[10, 19, 8], [18, 16, 8], [13, 5, 6]];[[1, 1, 3], [1, 1, 1], [2, 2, 3], [1, 2, 2], [1, 3, 3], [2, 3, 1], [2, 2, 2], [3, 3, 2], [2, 1, 3], [3, 1, 2]];[[1, 3, 3], [1, 2, 2], [2, 2, 2], [2, 2, 3], [2, 3, 1], [2, 1, 3], [1, 1, 3], [1, 1, 1], [3, 1, 2], [3, 3, 2]];159
[[18, 5, 18], [16, 11, 7], [8, 8, 12]];[[3, 1, 3], [2, 3, 2], [3, 2, 2], [1, 3, 3], [1, 3, 2], [1, 1, 1], [2, 3, 1], [3, 3, 1], [1, 2, 1], [2, 2, 2]];[[3, 1, 3], [1, 1, 1], [1, 2, 1], [1, 3, 3], [1, 3, 2], [2, 3, 2], [2, 2, 2], [3, 2, 2], [3, 3, 1], [2, 3, 1]];164
[[18, 5, 18], [16, 11, 7], [8, 8, 12]];[[3, 1, 3], [2, 3, 2], [3, 2, 2], [1, 3, 3], [1, 3, 2], [1, 1, 1], [2, 3, 1], [3, 3, 1], [1, 2, 1], [2, 2, 2]];[[2, 3, 2], [1, 3, 2], [1, 3, 3], [1, 1, 1], [1, 2, 1], [2, 2, 2], [3, 2, 2], [3, 1, 3], [3, 3, 1], [2, 3, 1]];164
[[18, 5, 18], [16, 11, 7], [8, 8, 12]];[[3, 1, 3], [2, 3, 2], [3, 2, 2], [1, 3, 3], [1, 3, 2], [1, 1, 1], [2, 3, 1], [3, 3, 1], [1, 2, 1], [2, 2, 2]];[[3, 2, 2], [2, 2, 2], [2, 3, 2], [1, 3, 2], [1, 3, 3], [1, 2, 1], [1, 1, 1], [3, 1, 3], [3, 3, 1], [2, 3, 1]];164
[[18, 5, 18], [16, 11, 7], [8, 8, 12]];[[3, 1, 3], [2, 3, 2], [3, 2, 2], [1, 3, 3], [1, 3, 2], [1, 1, 1], [2, 3, 1], [3, 3, 1], [1, 2, 1], [2, 2, 2]];[[1, 3, 3], [1, 3, 2], [1, 2, 1], [1, 1, 1], [3, 1, 3], [3, 3, 1], [3, 2, 2], [2, 2, 2], [2, 3, 2], [2, 3, 1]];164
[[18, 5, 18], [16, 11, 7], [8, 8, 12]];[[3, 1, 3], [2, 3, 2], [3, 2, 2], [1, 3, 3], [1, 3, 2], [1, 1, 1], [2, 3, 1], [3, 3, 1], [1, 2, 1], [2, 2, 2]];[[1, 3, 2], [1, 3, 3], [1, 2, 1], [1, 1, 1], [3, 1, 3], [3, 3, 1], [3, 2, 2], [2, 2, 2], [2, 3, 2], [2, 3, 1]];164
[[16, 5, 15], [17, 12, 19], [5, 18, 20]];[[2, 3, 2], [1, 2, 3], [3, 1, 2], [3, 2, 2], [3, 1, 3], [2, 2, 2], [3, 3, 2], [1, 3, 3], [2, 1, 2], [2, 3, 1]];[[1, 2, 3], [1, 3, 3], [3, 1, 3], [3, 1, 2], [2, 1, 2], [2, 2, 2], [3, 2, 2], [3, 3, 2], [2, 3, 2], [2, 3, 1]];178
[[15, 14, 18], [15, 19, 11], [18, 19, 7]];[[3, 1, 1], [1, 1, 3], [1, 1, 1], [3, 3, 3], [2, 3, 1], [1, 3, 3], [1, 2, 3], [2, 1, 1], [1, 2, 1], [3, 1, 3]];[[1, 1, 3], [1, 1, 1], [1, 2, 1], [1, 2, 3], [1, 3, 3], [3, 3, 3], [3, 1, 3], [3, 1, 1], [2, 1, 1], [2, 3, 1]];168
[[15, 14, 18], [15, 19, 11], [18, 19, 7]];[[3, 1, 1], [1, 1, 3], [1, 1, 1], [3, 3, 3], [2, 3, 1], [1, 3, 3], [1, 2, 3], [2, 1, 1], [1, 2, 1], [3, 1, 3]];[[2, 3, 1], [2, 1, 1], [3, 1, 1], [3, 1, 3], [3, 3, 3], [1, 3, 3], [1, 1, 3], [1, 1, 1], [1, 2, 1], [1, 2, 3]];168
[[15, 14, 18], [15, 19, 11], [18, 19, 7]];[[3, 1, 1], [1, 1, 3], [1, 1, 1], [3, 3, 3], [2, 3, 1], [1, 3, 3], [1, 2, 3], [2, 1, 1], [1, 2, 1], [3, 1, 3]];[[2, 3, 1], [2, 1, 1], [3, 1, 1], [3, 1, 3], [3, 3, 3], [1, 3, 3], [1, 2, 3], [1, 2, 1], [1, 1, 1], [1, 1, 3]];168
[[8, 6, 16], [9, 8, 11], [15, 20, 9]];[[2, 2, 2], [1, 3, 2], [2, 1, 1], [2, 3, 1], [2, 2, 1], [1, 3, 1], [3, 3, 3], [1, 2, 3], [3, 2, 1], [2, 3, 3]];[[2, 2, 2], [1, 3, 2], [1, 3, 1], [2, 3, 1], [2, 1, 1], [2, 2, 1], [3, 2, 1], [3, 3, 3], [2, 3, 3], [1, 2, 3]];149
[[17, 9, 7], [13, 5, 8], [7, 17, 10]];[[1, 3, 3], [3, 2, 2], [1, 2, 1], [1, 1, 3], [3, 2, 1], [3, 1, 3], [2, 1, 3], [2, 1, 2], [2, 1, 1], [1, 1, 2]];[[3, 2, 2], [3, 2, 1], [1, 2, 1], [1, 3, 3], [1, 1, 3], [1, 1, 2], [2, 1, 2], [2, 1, 1], [2, 1, 3], [3, 1, 3]];134
[[15, 14, 5], [11, 14, 8], [19, 16, 16]];[[3, 3, 3], [1, 1, 3], [3, 2, 2], [2, 3, 1], [1, 3, 2], [1, 1, 1], [3, 3, 2], [3, 1, 2], [2, 1, 3], [3, 3, 1]];[[3, 2, 2], [3, 1, 2], [3, 3, 2], [1, 3, 2], [1, 1, 1], [1, 1, 3], [2, 1, 3], [3, 3, 3], [3, 3, 1], [2, 3, 1]];175
[[15, 14, 5], [11, 14, 8], [19, 16, 16]];[[3, 3, 3], [1, 1, 3], [3, 2, 2], [2, 3, 1], [1, 3, 2], [1, 1, 1], [3, 3, 2], [3, 1, 2], [2, 1, 3], [3, 3, 1]];[[2, 3, 1], [3, 3, 1], [3, 3, 3], [2, 1, 3], [1, 1, 3], [1, 1, 1], [1, 3, 2], [3, 3, 2], [3, 2, 2], [3, 1, 2]];175
[[15, 14, 5], [11, 14, 8], [19, 16, 16]];[[3, 3, 3], [1, 1, 3], [3, 2, 2], [2, 3, 1], [1, 3, 2], [1, 1, 1], [3, 3, 2], [3, 1, 2], [2, 1, 3], [3, 3, 1]];[[2, 3, 1], [3, 3, 1], [3, 3, 3], [2, 1, 3], [1, 1, 3], [1, 1, 1], [1, 3, 2], [3, 3, 2], [3, 1, 2], [3, 2, 2]];175
[[6, 8, 17], [9, 16, 17], [13, 19, 20]];[[1, 1, 2], [1, 3, 3], [3, 2, 3], [2, 2, 3], [2, 3, 2], [3, 1, 2], [1, 3, 1], [2, 1, 3], [2, 3, 3], [3, 2, 1]];[[1, 1, 2], [3, 1, 2], [2, 3, 2], [1, 3, 1], [1, 3, 3], [2, 3, 3], [2, 1, 3], [2, 2, 3], [3, 2, 3], [3, 2, 1]];178
[[6, 8, 17], [9, 16, 17], [13, 19, 20]];[[1, 1, 2], [1, 3, 3], [3, 2, 3], [2, 2, 3], [2, 3, 2], [3, 1, 2], [1, 3, 1], [2, 1, 3], [2, 3, 3], [3, 2, 1]];[[2, 3, 2], [1, 1, 2], [3, 1, 2], [3, 2, 1], [3, 2, 3], [2, 2, 3], [2, 1, 3], [2, 3, 3], [1, 3, 3], [1, 3, 1]];178
[[16, 6, 5], [15, 19, 13], [13, 20, 14]];[[2, 2, 3], [1, 2, 2], [3, 1, 1], [2, 1, 3], [1, 3, 2], [3, 2, 1], [2, 2, 2], [2, 1, 1], [1, 3, 1], [2, 3, 2]];[[3, 1, 1], [2, 1, 1], [2, 1, 3], [2, 2, 3], [3, 2, 1], [1, 2, 2], [2, 2, 2], [2, 3, 2], [1, 3, 2], [1, 3, 1]];174
[[16, 7, 18], [12, 8, 13], [17, 12, 14]];[[1, 3, 1], [1, 2, 3], [3, 1, 1], [1, 1, 3], [3, 1, 3], [3, 3, 2], [2, 3, 2], [1, 1, 2], [2, 3, 1], [3, 3, 1]];[[1, 2, 3], [1, 1, 3], [1, 1, 2], [1, 3, 1], [2, 3, 1], [2, 3, 2], [3, 3, 2], [3, 3, 1], [3, 1, 1], [3, 1, 3]];172
[[16, 7, 18], [12, 8, 13], [17, 12, 14]];[[1, 3, 1], [1, 2, 3], [3, 1, 1], [1, 1, 3], [3, 1, 3], [3, 3, 2], [2, 3, 2], [1, 1, 2], [2, 3, 1], [3, 3, 1]];[[3, 1, 3], [3, 1, 1], [3, 3, 1], [3, 3, 2], [2, 3, 2], [2, 3, 1], [1, 3, 1], [1, 2, 3], [1, 1, 3], [1, 1, 2]];172
[[16, 7, 18], [12, 8, 13], [17, 12, 14]];[[1, 3, 1], [1, 2, 3], [3, 1, 1], [1, 1, 3], [3, 1, 3], [3, 3, 2], [2, 3, 2], [1, 1, 2], [2, 3, 1], [3, 3, 1]];[[3, 1, 3], [3, 1, 1], [3, 3, 1], [3, 3, 2], [2, 3, 2], [2, 3, 1], [1, 3, 1], [1, 1, 2], [1, 1, 3], [1, 2, 3]];172
[[18, 5, 12], [14, 15, 18], [13, 11, 11]];[[1, 2, 3], [1, 2, 2], [3, 3, 2], [2, 2, 3], [3, 1, 2], [3, 1, 1], [2, 3, 2], [1, 1, 2], [1, 3, 1], [2, 1, 1]];[[2, 2, 3], [1, 2, 3], [1, 2, 2], [1, 1, 2], [1, 3, 1], [2, 3, 2], [3, 3, 2], [3, 1, 2], [3, 1, 1], [2, 1, 1]];165
[[11, 15, 10], [10, 15, 16], [11, 7, 19]];[[1, 1, 1], [2, 2, 2], [1, 1, 2], [1, 3, 2], [3, 1, 2], [1, 1, 3], [2, 2, 3], [2, 1, 2], [1, 2, 3], [2, 1, 1]];[[2, 2, 2], [2, 2, 3], [1, 2, 3], [1, 1, 3], [1, 1, 1], [2, 1, 1], [2, 1, 2], [3, 1, 2], [1, 1, 2], [1, 3, 2]];147
[[11, 15, 10], [10, 15, 16], [11, 7, 19]];[[1, 1, 1], [2, 2, 2], [1, 1, 2], [1, 3, 2], [3, 1, 2], [1, 1, 3], [2, 2, 3], [2, 1, 2], [1, 2, 3], [2, 1, 1]];[[1, 3, 2], [1, 1, 2], [3, 1, 2], [2, 1, 2], [2, 1, 1], [1, 1, 1], [1, 1, 3], [1, 2, 3], [2, 2, 3], [2, 2, 2]];147
[[17, 15, 9], [5, 20, 7], [7, 12, 9]];[[3, 2, 2], [2, 1, 1], [2, 2, 2], [3, 3, 3], [1, 3, 3], [2, 3, 3], [2, 3, 1], [2, 3, 2], [1, 2, 2], [3, 1, 3]];[[2, 1, 1], [2, 3, 1], [2, 3, 3], [2, 3, 2], [2, 2, 2], [3, 2, 2], [1, 2, 2], [1, 3, 3], [3, 3, 3], [3, 1, 3]];131
[[7, 8, 19], [9, 13, 9], [18, 17, 7]];[[1, 1, 1], [2, 3, 2], [1, 2, 1], [3, 2, 2], [2, 2, 2], [3, 1, 3], [1, 3, 2], [1, 2, 3], [3, 1, 2], [1, 1, 2]];[[1, 1, 1], [1, 2, 1], [1, 2, 3], [3, 1, 3], [3, 1, 2], [3, 2, 2], [2, 2, 2], [2, 3, 2], [1, 3, 2], [1, 1, 2]];145
[[7, 8, 19], [9, 13, 9], [18, 17, 7]];[[1, 1, 1], [2, 3, 2], [1, 2, 1], [3, 2, 2], [2, 2, 2], [3, 1, 3], [1, 3, 2], [1, 2, 3], [3, 1, 2], [1, 1, 2]];[[1, 1, 1], [1, 2, 1], [1, 2, 3], [1, 1, 2], [1, 3, 2], [2, 3, 2], [2, 2, 2], [3, 2, 2], [3, 1, 2], [3, 1, 3]];145
[[5, 10, 5], [5, 15, 16], [20, 17, 6]];[[3, 2, 1], [3, 1, 2], [1, 3, 3], [1, 2, 1], [2, 1, 2], [3, 3, 3], [2, 1, 1], [2, 3, 2], [3, 2, 3], [3, 1, 1]];[[3, 1, 2], [2, 1, 2], [2, 3, 2], [1, 3, 3], [3, 3, 3], [3, 2, 3], [3, 2, 1], [1, 2, 1], [2, 1, 1], [3, 1, 1]];129
[[5, 10, 5], [5, 15, 16], [20, 17, 6]];[[3, 2, 1], [3, 1, 2], [1, 3, 3], [1, 2, 1], [2, 1, 2], [3, 3, 3], [2, 1, 1], [2, 3, 2], [3, 2, 3], [3, 1, 1]];[[3, 1, 2], [2, 1, 2], [2, 3, 2], [1, 3, 3], [3, 3, 3], [3, 2, 3], [3, 2, 1], [1, 2, 1], [3, 1, 1], [2, 1, 1]];129
[[5, 10, 5], [5, 15, 16], [20, 17, 6]];[[3, 2, 1], [3, 1, 2], [1, 3, 3], [1, 2, 1], [2, 1, 2], [3, 3, 3], [2, 1, 1], [2, 3, 2], [3, 2, 3], [3, 1, 1]];[[3, 1, 2], [2, 1, 2], [2, 3, 2], [1, 3, 3], [3, 3, 3], [3, 2, 3], [1, 2, 1], [3, 2, 1], [3, 1, 1], [2, 1, 1]];129
[[19, 18, 7], [15, 12, 8], [14, 14, 6]];[[1, 2, 2], [3, 1, 2], [2, 1, 3], [2, 1, 1], [1, 3, 1], [3, 3, 2], [2, 2, 2], [1, 1, 1], [3, 2, 1], [3, 3, 3]];[[1, 2, 2], [2, 2, 2], [3, 2, 1], [1, 3, 1], [1, 1, 1], [2, 1, 1], [2, 1, 3], [3, 1, 2], [3, 3, 2], [3, 3, 3]];185
[[19, 8, 9], [16, 5, 5], [8, 17, 7]];[[1, 2, 3], [3, 3, 2], [2, 2, 2], [3, 3, 3], [3, 1, 2], [1, 2, 1], [3, 2, 1], [1, 3, 1], [2, 3, 2], [1, 2, 2]];[[3, 3, 3], [3, 2, 1], [3, 1, 2], [3, 3, 2], [2, 3, 2], [2, 2, 2], [1, 2, 2], [1, 2, 3], [1, 2, 1], [1, 3, 1]];124
[[5, 17, 14], [13, 16, 15], [10, 13, 15]];[[1, 1, 1], [2, 3, 2], [3, 2, 1], [3, 1, 3], [2, 2, 3], [1, 3, 3], [1, 3, 2], [3, 2, 2], [1, 1, 3], [2, 3, 3]];[[1, 1, 1], [3, 1, 3], [1, 1, 3], [1, 3, 3], [1, 3, 2], [2, 3, 2], [2, 3, 3], [2, 2, 3], [3, 2, 1], [3, 2, 2]];175
[[5, 17, 14], [13, 16, 15], [10, 13, 15]];[[1, 1, 1], [2, 3, 2], [3, 2, 1], [3, 1, 3], [2, 2, 3], [1, 3, 3], [1, 3, 2], [3, 2, 2], [1, 1, 3], [2, 3, 3]];[[1, 1, 1], [3, 1, 3], [1, 1, 3], [1, 3, 3], [1, 3, 2], [2, 3, 2], [2, 3, 3], [2, 2, 3], [3, 2, 2], [3, 2, 1]];175
[[5, 17, 14], [13, 16, 15], [10, 13, 15]];[[1, 1, 1], [2, 3, 2], [3, 2, 1], [3, 1, 3], [2, 2, 3], [1, 3, 3], [1, 3, 2], [3, 2, 2], [1, 1, 3], [2, 3, 3]];[[1, 1, 1], [1, 1, 3], [3, 1, 3], [1, 3, 3], [1, 3, 2], [2, 3, 2], [2, 3, 3], [2, 2, 3], [3, 2, 1], [3, 2, 2]];175
[[5, 17, 14], [13, 16, 15], [10, 13, 15]];[[1, 1, 1], [2, 3, 2], [3, 2, 1], [3, 1, 3], [2, 2, 3], [1, 3, 3], [1, 3, 2], [3, 2, 2], [1, 1, 3], [2, 3, 3]];[[1, 1, 1], [1, 1, 3], [3, 1, 3], [1, 3, 3], [1, 3, 2], [2, 3, 2], [2, 3, 3], [2, 2, 3], [3, 2, 2], [3, 2, 1]];175
[[5, 17, 14], [13, 16, 15], [10, 13, 15]];[[1, 1, 1], [2, 3, 2], [3, 2, 1], [3, 1, 3], [2, 2, 3], [1, 3, 3], [1, 3, 2], [3, 2, 2], [1, 1, 3], [2, 3, 3]];[[3, 2, 1], [3, 2, 2], [2, 2, 3], [2, 3, 3], [2, 3, 2], [1, 3, 2], [1, 3, 3], [3, 1, 3], [1, 1, 3], [1, 1, 1]];175
[[5, 17, 14], [13, 16, 15], [10, 13, 15]];[[1, 1, 1], [2, 3, 2], [3, 2, 1], [3, 1, 3], [2, 2, 3], [1, 3, 3], [1, 3, 2], [3, 2, 2], [1, 1, 3], [2, 3, 3]];[[3, 2, 1], [3, 2, 2], [2, 2, 3], [2, 3, 3], [2, 3, 2], [1, 3, 2], [1, 3, 3], [1, 1, 3], [3, 1, 3], [1, 1, 1]];175
[[18, 11, 8], [12, 16, 15], [13, 13, 9]];[[2, 3, 1], [2, 1, 3], [3, 1, 3], [2, 1, 2], [3, 3, 1], [2, 1, 1], [1, 2, 2], [2, 2, 1], [1, 1, 3], [2, 2, 2]];[[2, 1, 2], [2, 1, 3], [3, 1, 3], [1, 1, 3], [1, 2, 2], [2, 2, 2], [2, 2, 1], [2, 1, 1], [2, 3, 1], [3, 3, 1]];159
[[18, 11, 8], [12, 16, 15], [13, 13, 9]];[[2, 3, 1], [2, 1, 3], [3, 1, 3], [2, 1, 2], [3, 3, 1], [2, 1, 1], [1, 2, 2], [2, 2, 1], [1, 1, 3], [2, 2, 2]];[[3, 3, 1], [2, 3, 1], [2, 1, 1], [2, 2, 1], [2, 2, 2], [1, 2, 2], [1, 1, 3], [3, 1, 3], [2, 1, 3], [2, 1, 2]];159
[[9, 8, 9], [8, 11, 6], [12, 5, 16]];[[1, 2, 1], [2, 2, 1], [2, 1, 3], [1, 3, 1], [1, 3, 3], [3, 2, 1], [3, 2, 2], [1, 1, 2], [3, 1, 2], [1, 3, 2]];[[2, 1, 3], [1, 3, 3], [1, 3, 2], [1, 3, 1], [1, 2, 1], [2, 2, 1], [3, 2, 1], [3, 2, 2], [3, 1, 2], [1, 1, 2]];114
